story_id,premise_id,premise,text,author_type,model_name,strategy,timestamp,characters,num_words,profile
9036892548606386420,0,A centuries old vampire gets really into video games because playing a character who can walk around in the sun is the closest thing they have to experiencing the day again in centuries. ,"
---

Vlad 'The Virtually Immortal' Dracula sat hunched over his controller, eyes glued to the screen. His fingers danced nimbly across the buttons, executing complex maneuvers that would leave even the most skilled gamer breathless. The game was set under the bright blue sky, bathed in warm sunlight - things that Vlad had not experienced in centuries. As Vlad navigated his avatar through the vibrant digital landscape, he felt a familiar pang of longing in his chest.

Lilith 'The Lone Gamer' Nightshade watched him from across the room, her own controller lying idle in her lap. She couldn't help but feel a twinge of sympathy for Vlad, despite their frosty relationship. She knew all too well the pain of being trapped in darkness, unable to experience the beauty of the world during daylight hours. But unlike Vlad, Lilith found solace not just in the games themselves, but also in the connections she made with other players online.

One such player, a young man named Jack, had become particularly dear to her. They spent hours together each night, exploring virtual worlds and sharing stories about their lives. Lilith never told Jack about her true nature, of course; she could hardly bear the thought of losing yet another person to fear or prejudice. But she cherished these moments of connection nonetheless, finding comfort in the knowledge that she wasn't completely alone.

As Vlad reached the final level of his game, Lilith couldn't tear her gaze away from him. She saw the way his eyes lit up at each victory, how his whole body seemed to relax when he was fully immersed in the game. It was clear that this was more than just a hobby for Vlad; it was a lifeline, a way to cope with the crushing weight of his immortality.

But even as she watched him, Lilith couldn't shake the feeling that something was missing. For all his skill and dedication, Vlad remained fundamentally isolated, unable or unwilling to form meaningful connections with those around him. And though she knew better than most the dangers of opening oneself up to others, Lilith couldn't help but wonder if Vlad might find some measure of peace in doing so.

With a deep breath, Lilith made her decision. She crossed the room and settled beside Vlad, placing a hand gently on his shoulder. ""Hey,"" she said softly, ""I know this might sound crazy, but...would you want to play a game with me?""

Vlad looked at her, surprise etched onto his face. After a moment, he nodded slowly, setting aside his controller. Together, they dove into a new world, exploring its mysteries side by side. And though it was nothing more than a simple digital landscape, it felt like the first step towards something greater - something real and tangible and filled with light.

For both Vlad and Lilith, the road ahead would be long and fraught with challenges. But as they ventured forth into the unknown, hand in hand, they knew that they weren't alone anymore. And that, perhaps, was the greatest victory of all.",LLM,TheBloke/Mixtral-8x7B-Instruct-v0.1-GPTQ,plan_write,2024-03-02 02:50:30,"- Vlad 'The Virtually Immortal' Dracula: Once feared as a ruthless and powerful vampire, Vlad has retreated into the virtual world due to his longing for daylight. He spends countless hours mastering every game he plays, relishing the freedom he experiences through his digital avatars. However, beneath this surface lies deep loneliness and unending sadness over his physical immobility.
- Lilith 'The Lone Gamer' Nightshade: Lilith was transformed into a vampire against her will by her lover, who then abandoned her once she became one of the undead. She finds solace in gaming, where she can connect with other people without revealing her true nature. Her online persona is confident and outgoing, but inside she is still haunted by feelings of betrayal and abandonment.",500.0,
3542597998304685279,0,A centuries old vampire gets really into video games because playing a character who can walk around in the sun is the closest thing they have to experiencing the day again in centuries. ,"
Story:

Aethelwulf the Eternal was once a man of legend - tales were told across the land about his bravery, his honor, and most importantly, his unwavering loyalty to the realm. He was a warrior like no other; invincible in battle but compassionate off the field. But alas! Those days are far behind him now as he roams the earth as something else entirely - A creature neither dead nor alive.

Every evening, when the last sliver of light disappears from the horizon, Aethelwulf awakens from his stone slumber in a forgotten crypt beneath the roots of an ancient tree. It's been centuries since a witch's curse turned him into what he is today - a vampire condemned to live in eternal darkness.

As the sun sets each day, he returns to his lair filled with dusty tapestries depicting battles long lost. Here, amidst cobwebs and silence, he indulges in his only pleasure: video games. They transport him to places where the sun shines brightly, allowing him to experience the warmth he hasn't felt in so long. These virtual worlds are his refuge, his sanctuary away from the gloom that surrounds him.

In one such world, he encounters another creature of the night, Liliana Darkveil. She rules over her clan with fearsome authority but there's more to her than meets the eye. Behind her stern gaze lies a heart full of melancholy and longing. For just like Aethelwulf, she too yearns for the touch of sunlight on her skin. To the world, she is a formidable leader, but at night, when all others sleep, she escapes into the same virtual realm as him, seeking solace in its vastness.

They cross paths often, bound together not just by their shared loneliness, but also by their love for exploration and discovery. Over time, they become each other's confidants, sharing stories of their past lives before the darkness consumed them. In these moments, they find comfort in each other's company, finding solace in shared pain and mutual understanding.

One fateful day, while exploring a new update, they stumble upon an enchanted amulet said to hold the power to break any curse. With hope rekindled, Aethelwulf decides to risk everything. Using all his knowledge gathered from decades of gaming, he embarks on a perilous journey to retrieve the amulet, determined to free Liliana from her curse.

After days of relentless pursuit, battling monsters and overcoming obstacles, he finally reaches the sanctum sanctorum where the amulet awaits. Grasping it tightly, he hurries back to Liliana, praying it isn't too late.

The moment he places the amulet around her neck, the impossible happens. Under the glow of the setting sun, Liliana steps out of the shadows, her eyes sparkling with newfound life. The amulet had worked! Her curse was broken.

However, the joy is short-lived. Holding the now lifeless body of Aethelwulf, Liliana realizes that the price for her freedom was the life of the one who gave it freely. The realization hits her hard, filling her heart with profound sadness.

But even amidst this despair, hope lingers. For though Aethelwulf might have lost his physical form, his spirit lives within Liliana, guiding her through the daylight, reminding her of the selflessness of true love.

Thus, every dawn, Liliana walks under the sun, remembering the friend who sacrificed everything so she could see the light again. And every dusk, she returns to the virtual world, visiting the place where Aethelwulf rests peacefully, cherishing the memories of a friendship that transcended darkness and death.",LLM,TheBloke/Mixtral-8x7B-Instruct-v0.1-GPTQ,plan_write,2024-03-02 02:52:58,"- Aethelwulf the Eternal: Once a knight of great renown, Aethelwulf has been cursed by a vengeful witch to live forever in darkness. Despite his tragic fate, he finds solace in virtual worlds where he can traverse the sunlit landscapes vicariously through his avatars.
- Liliana Darkveil: As a powerful and feared elder vampire, Liliana has ruled over her clan with an iron fist for centuries. However, her cold demeanor hides a secret longing for sunlight and she spends countless hours every night exploring the vibrant digital realms, collecting rare items and completing quests.",500.0,
583491502214857918,0,A centuries old vampire gets really into video games because playing a character who can walk around in the sun is the closest thing they have to experiencing the day again in centuries. ,"
Story:

Vlad had always been a creature of the night. For centuries, he had wandered the darkened streets alone, shrouded by an eternal veil of darkness. But as time marched forward, the world around him changed, leaving him behind. It was during these lonely nights that Vlad discovered a new realm, one where the sun still shone brightly, and heroes were born - the world of video games.

In this world, Vlad found solace. A place where he could walk among the living, if only within the confines of a screen. And so, every night, like a moth drawn to light, he would retreat into his lair, booting up his console and losing himself in virtual worlds. Here, he could explore the vast landscapes, breathe in the fresh air, and feel the warmth of the sun on his face. It brought him closer to the world he once knew, the world he had lost.

One game in particular held a special place in his heart. In it, players followed the journey of a young hero named Solara. She was a beacon of hope, a symbol of strength, and the embodiment of courage. With every sunrise she faced without fear, every battle she fought, and every victory she claimed, Solara reminded Vlad what it meant to truly live.

As the years passed, Vlad grew more attached to Solara. He marveled at her resilience, her refusal to back down even in the face of impossible odds. Through her, he learned to see the beauty in the world again. Every night, he would slip into her shoes, battling through hordes of monsters and reclaiming the land piece by piece. As Solara, he felt alive, powerful, and free.

But then came the night when something unexpected happened. As he controlled Solara, exploring a dense forest filled with vibrant colors and life, he stumbled upon a hidden path. Curiosity piqued, he guided Solara down the winding trail. To his surprise, the path led to a clearing bathed in moonlight. There, illuminated in its soft glow, stood a figure.

It was a mirror image of himself, fangs bared and eyes gleaming red. The sight sent chills down his spine, but the reflection did not attack. Instead, it spoke. ""You are not the monster they say you are,"" it whispered, its voice echoing within Vlad's mind. ""Your thirst for life is not a sin, but a testament to your strength.""

The revelation shook Vlad to his core. All this time, he had believed himself to be a monster, lurking in the shadows, incapable of experiencing the beauty of the world. But now, facing his reflection, he realized that perhaps he wasn't so different from Solara after all. Like her, he too was a fighter. He too had faced adversity and emerged stronger for it.

From that moment on, Vlad began to see himself in a new light. He no longer yearned for the sun, knowing that he too possessed a fire within. And though the night still stretched out before him, dark and endless, he met it head-on, embracing both his strengths and his weaknesses.

For Vlad, there would always be a part of him that craved the warmth of the sun. But there was also a newfound strength, a courage that burned brighter than any flame. This strength came not from the sun, but from within. And as long as he carried that fire inside him, he knew he would never truly be alone.",LLM,TheBloke/Mixtral-8x7B-Instruct-v0.1-GPTQ,plan_write,2024-03-02 02:54:55,"- Vlad:A centuries-old vampire, Vlad has spent most of his existence in isolation due to his condition. He finds solace in video games, allowing him to experience the world outside from the safety of his lair.
- Solara:A fiery heroine from one of Vlad's favorite games. Her unwavering bravery and determination inspire Vlad, making her his go-to character when he needs a reminder of strength and courage.",500.0,
2502877807983304817,1,A psychic alien who feeds on dreams comes to Earth for the first time. Turns out humans are the only sentients in the galaxy that have nightmares. ,"
Story:
Zorvok, an ethereal being from the far reaches of the cosmos, had journeyed through galaxies, studying various life forms. However, his sojourn on Earth was unlike any other. Unlike other planets where sentient beings experienced peaceful dreams, Earth was unique - it was the only planet teeming with nightmares.

In a bustling city lived Sarah, a young woman tormented by relentless nightmares. Her sleep was fraught with images of monstrous creatures, dark alleys, and unseen threats. She sought solace during the day, but the horrors of the night always found their way back to her. Until she met Zorvok.

A chance encounter brought them together. Sarah was drawn to Zorvok's tranquility, something she yearned for amidst her chaos. As she learned about his ability to feed off dreams, she felt a shiver run down her spine. But there was also a strange sense of comfort, a glimmer of hope that these nightmares could finally end.

Meanwhile, Dr. Jameson, a seasoned psychiatrist, noticed an unusual pattern among her patients. Their symptoms seemed to alleviate after crossing paths with Zorvok. Intrigued yet puzzled, she decided to delve deeper into this anomaly, setting up a meeting with the enigmatic visitor.

As Zorvok explained his role as a dream feeder, Dr. Jameson listened attentively, trying to make sense of this extraordinary phenomenon. Could it be possible that this alien held the key to freeing her patients from their torturous minds?

Back at Sarah's apartment, Zorvok sat beside her as she slept, gently tapping into her dreams. He recoiled at the sight of her nightmares, a stark contrast to the peaceful visions he usually encountered. Yet, he didn't shy away. Instead, he began absorbing her fears, replacing them with serene landscapes and loving memories.

Over time, Sarah started experiencing tranquil slumbers, a stark contrast to her previous nights filled with terror. Grateful yet overwhelmed, she couldn't help but wonder what price she would pay for this newfound peace.

Simultaneously, Dr. Jameson continued observing her patients' progress, realizing that they too were experiencing similar transformations. With each passing day, she grew more convinced of Zorvok's positive influence, leading her to question her initial skepticism towards him.

However, as Zorvok continued absorbing humanity's collective darkness, he started feeling a profound shift within himself. The constant exposure to human negativity wasn't without consequences. Despite his resilience, he couldn't ignore the creeping shadows threatening to consume him.

Despite this, he chose to stay, driven by the determination to help humans overcome their inner demons. His decision wasn't easy, but knowing he could provide relief to countless souls trapped in their personal hells made it worthwhile.

The arrival of Zorvok not only marked a turning point in the lives of many tormented individuals but also offered humanity a mirror to reflect upon its darkest corners. And while the road ahead remained uncertain, one thing was clear - Zorvok had left an indelible mark on this chaotic planet, forever changing the course of human history.",LLM,TheBloke/Mixtral-8x7B-Instruct-v0.1-GPTQ,plan_write,2024-03-02 02:56:57,"- Name: Zorvok, Description: An ancient and wise psychic alien with a gentle demeanor who is initially cautious about humanity's propensity for violence but grows to appreciate human resilience.
- Name: Sarah, Description: A young woman plagued by recurring nightmares who becomes both fascinated and wary of Zorvok's abilities, ultimately forming a bond with him.
- Name: Dr. Jameson, Description: A seasoned psychiatrist struggling to understand why her patients' symptoms seem to be alleviated after encountering Zorvok.",500.0,
8162968554446283986,1,A psychic alien who feeds on dreams comes to Earth for the first time. Turns out humans are the only sentients in the galaxy that have nightmares. ,"
Assuming Character Portrait 1 is:
Name1: Zephyrios, an ethereal being with tendrils instead of limbs, radiating calm energy

And Character Portrait 2 is:
Name2: Lira, a rebellious teenage girl who lost her family in a tragic accident, filled with anger and sorrow

STORY:

Zephyrios, an ancient and wise psychic alien, floated through space, drawn by a mysterious force. It was the collective unconsciousness of a planet teeming with sentient beings - something he had never encountered before. Upon reaching Earth, Zephyrios realized that humans were unique; they were the only sentient beings in the galaxy that experienced nightmares.

Intrigued, he decided to explore this new world. In his journey, he came across a young human named Lira, a troubled teenager who had lost her family in a tragic accident. Consumed by anger and sorrow, she was often plagued by haunting nightmares.

As Zephyrios approached her, she lashed out in fear, unaware of his peaceful intentions. But upon sensing his calming energy, she hesitantly allowed him to connect with her. As their minds merged, Zephyrios saw the dark abyss of Lira's despair and the turmoil caused by her loss.

The sight pained him, but he knew he had a responsibility to help her. Using his powers, Zephyrios entered her subconscious and navigated through her nightmares, absorbing them one by one. Each nightmare felt like a raging storm, threatening to tear him apart, yet he remained steadfast.

After what seemed like an eternity, Zephyrios finally managed to soothe the chaotic whirlpool of Lira's mind. Slowly, her nightmares subsided, replaced by fragments of peace and tranquility. Her heart felt lighter, her soul less burdened.

Lira woke up feeling refreshed and at peace, as if a heavy weight had been lifted from her shoulders. She looked around, puzzled, then spotted Zephyrios, floating silently nearby. Despite his strange appearance, she no longer feared him. Instead, she felt gratitude towards him for helping her find solace.

From that day forward, Lira started perceiving life differently. She began healing, finding comfort in simple joys and experiencing hope where there was once despair. And though her past still held scars, her dreams were no longer consumed by darkness.

Meanwhile, Zephyrios continued his journey, seeking other troubled souls to heal. He understood that while he could not erase their pain, he could alleviate their suffering, giving them a chance to heal and move forward.

Thus, the story of Zephyrios and Lira became a beacon of light, signifying the incredible power of empathy and compassion. Even in the vastness of the universe, amidst countless galaxies and stars, there existed profound connections between beings, transcending language and form.",LLM,TheBloke/Mixtral-8x7B-Instruct-v0.1-GPTQ,plan_write,2024-03-02 02:58:35,"- Name1:Description1
- Name2:Description2",500.0,
-5803225583934907195,1,A psychic alien who feeds on dreams comes to Earth for the first time. Turns out humans are the only sentients in the galaxy that have nightmares. ,"
Story:
Zorvath had traveled countless light years, traversed galaxies and explored planets beyond count. But this was different. This time, he was not merely observing or learning about new civilizations. This time, he was here to save his own.

His species, the Zeltrons, thrived on tranquility, drawing sustenance from the dreams of sentient beings. They were peaceful explorers, living symbiotically with other life forms across the cosmos. However, a prophecy foretold their impending doom due to an increasing scarcity of soothing dreams. The solution lay on a distant blue planet called Earth, home to unique beings known as humans - the only ones capable of experiencing nightmares.

As Zorvath landed, he took the form of a middle-aged man, blending effortlessly into the bustling cityscape of New York. It wasn't long before he crossed paths with a vibrant spirit full of curiosity and courage - Lisa. Her mind radiated a palpable energy that intrigued him instantly.

Overwhelmed by her empathetic nature, Zorvath revealed his true identity. Instead of fear, Lisa showed fascination and excitement. She invited him home, unaware that this decision would change their lives forever.

At Lisa's humble abode, Zorvath delved into the collective nightmare of mankind. He saw wars, famine, hatred, despair, and destruction. It was far worse than he imagined. Each nightmare was like a black hole, consuming hope and peace, threatening to extinguish the gentle light of the Zeltron civilization.

But amidst these terrifying visions, there were also fragments of love, compassion, resilience, and relentless pursuit of good. These bright sparks gave Zorvath an idea. Maybe they could teach humanity to confront their fears, transforming their nightmares into something less terrifying, something more manageable.

For weeks, Zorvath worked tirelessly, guiding Lisa through various techniques to channel her fears positively. Together, they created a ripple effect, influencing others around them to face their apprehensions head-on. Slowly but surely, the quality of nightmares started changing, becoming less potent, less destructive.

The process took its toll on Zorvath, draining him immensely. Yet every transformation brought renewed vigor. As his strength replenished, so did their hope. In Lisa, Zorvath found an ally; in Zorvath, Lisa discovered a mentor.

After many months, the shift became noticeable globally. While nightmares still existed, they no longer posed an existential threat to the Zeltrons. Grateful, Zorvath bid farewell to Lisa and returned to his people, carrying with him a piece of humanity's potential for change.

On the brink of extinction, the Zeltrons learned survival. Not by escaping reality, but by embracing it - showing them that even in darkness, there exists a glimmer of light waiting to be harnessed.",LLM,TheBloke/Mixtral-8x7B-Instruct-v0.1-GPTQ,plan_write,2024-03-02 03:00:33,"- Name: Zorvath, Description: An ancient and wise psychic alien from the Andromeda galaxy. He has a calm demeanor but inside he is worried about the future of his species.
- Name: Lisa, Description: A curious and adventurous human teenager. She is always eager to learn new things and make new friends, even if they are from another planet.",500.0,
-683428023490907224,2,Aliens take over the Earth. They then announce that they will be forcing the humans to work a 'tyrannical' 4 hours a day 4 days a week in exchange for basic rights like housing. Needless to say they are very confused when the humans celebrate their new alien overlords. ,"
Story:

John Doe sat in his modest living room, his eyes glued to the television screen. The world had changed overnight; alien beings from another planet had taken over the Earth. Their message was clear: humanity would now work four hours a day, four days a week, in exchange for basic necessities such as food, water, and shelter.

At first, John couldn't help but feel a surge of skepticism. He had spent years working multiple jobs to provide for his family, often sacrificing precious moments with them in the process. The idea of having more time with his wife and children was tempting, yet he couldn't shake the feeling that something was amiss.

Meanwhile, Jane Smith watched the same broadcast from her cramped apartment, her heart filled with relief and gratitude. Joblessness had plagued her since college graduation, casting a shadow of uncertainty over her future. These aliens promised not only a stable income, but also a sense of belonging within society.

Days turned into weeks, and the people of Earth began adapting to the new system. At first, there were protests and riots - understandable reactions to the sudden change in lifestyle. But as time passed, many grew accustomed to their newfound freedom from the traditional nine-to-five grind.

For John, this transition wasn't without its challenges. Although he appreciated the extra time with his loved ones, he struggled to silence the voice inside him that warned of potential dangers lurking beneath the surface. When he tried discussing his concerns with others, however, he found himself met with dismissive waves and reassurances. ""You're lucky,"" they'd tell him. ""Stop complaining.""

Jane, on the other hand, reveled in her new employment. Her boss, an alien named Zorax, treated her with respect and kindness, unlike any human supervisor she'd ever had. Yet, as weeks morphed into months, Jane noticed subtle changes in Zorax's demeanor. Orders became stricter, punishments harsher, and free will faded away like morning mist.

One fateful day, a group of humans decided they'd had enough. Led by John, they rallied together, fighting for their right to choose their own destinies. Blood was shed, and lives were lost, but the rebellion prevailed. The aliens retreated, leaving behind a battered and bruised population, but one that had rediscovered its strength and resilience.

In the aftermath, Jane approached John, her eyes brimming with tears. ""Thank you,"" she whispered, her voice cracking with emotion. ""I never realized how much I took for granted until I almost lost it all.""

As they stood there, staring at the remnants of what once was, John couldn't help but feel a strange sense of hope. For all its trials and tribulations, humanity had proven its ability to adapt, resist, and ultimately overcome adversity. And though the road ahead remained uncertain, he knew that together, they could build a better world - one defined not by tyranny, but by compassion, unity, and unwavering determination.",LLM,TheBloke/Mixtral-8x7B-Instruct-v0.1-GPTQ,plan_write,2024-03-02 03:01:57,"- John Doe: A middle-aged man who has worked multiple jobs to support his family. He is initially skeptical of the aliens' offer but eventually sees it as an opportunity to spend more time with his loved ones.
- Jane Smith: A young woman who has been struggling to find employment. She is initially overjoyed at the prospect of guaranteed work and stability, but soon realizes that the aliens' rules are too restrictive.",500.0,
