Authenticity Explanation,Authenticity Score,Emotion Provoking Explanation,Emotion Provoking Score,Empathy Explanation,Empathy Score,Engagement Explanation,Engagement Score,Narrative Complexity Explanation,Narrative Complexity Score,Human Likeness Explanation,Human Likeness Score,text,story_id,premise_id,author_type,author_short,author_full,net_upvotes,time_taken
"The dialogue feels authentic and natural, with a good balance of humor and emotional depth. The characters' personalities shine through in their conversations, and their interactions feel believable. However, the story's premise, a vampire playing a video game, feels a bit contrived and may not be relatable to all readers. Rating: 4",4,"The story does a good job of depicting emotional experiences, particularly in the vampire's reaction to the sun and their emotional vulnerability. The writing effectively conveys a sense of longing and nostalgia. However, the emotions could be further developed and explored. Rating: 4",4,"The story allows the reader to empathize with the vampire's situation and feelings, particularly in their desire for human connection and experience. The writing encourages introspection and self-reflection. Rating: 4",4,"The story is engaging and holds the reader's attention, particularly due to the witty dialogue and relatable characters. The pacing is well-balanced, and the story flows smoothly. However, the plot is relatively simple and may not be enough to keep some readers invested. Rating: 4",4,"The characters have distinct personalities, but their development is somewhat limited. The story explores the complexities of relationships between characters, but the conflicts and resolutions are relatively straightforward. Rating: 3",3,"The writing has a natural, conversational tone, which suggests human authorship. The use of humor, emotional depth, and relatable characters also point towards human writing. However, the story's premise and some of the dialogue may feel a bit contrived or forced, which could indicate LLM involvement. Rating: 4",4,"""The Sun is quite beautiful in this game.""

""You think? The graphics are kinda dated.""

""You wouldn't understand. You get to see the real deal every day. I don't. One ray of sunshine and...""

""And what?""

""I die.""

""Dramatic. What are you, ginger?""

""A vampire. I'd literally die.""

""...sure.""

""So who's this character you're leading me to?""

""A friendly knight. Spawned a whole bunch of memes for being the one good thing in this dark, forsaken world.""

""Not that dark. I've lived through the literal Dark Ages. This game reminds me of that, actually. At least, the fashion does.""

""You're really committed to this bit, ain'tcha? Anyway - that's him.""

""Fancy armour. He... gave me an emote?""

""Yeah, but mainly the soapstone-""

""The- the emote, he- it's...""

""You alright dude?""

""I just need a minute. Sit here, enjoy the view. Is that alright?""

""Yeah, sure. It's nice to get immersed in the view. I'll go grab a drink.""

""Yeah.""

""...""

""I agree with you, fair knight.

Praise the Sun.""",j9029yj,0,Human,Human-Advanced,Human-Advanced,1100,1058.6773471832275
"The story has a unique premise, but the writing feels more like a fantasy or sci-fi tale rather than a genuine human experience. The narrator's voice is somewhat detached, and the tone is more focused on conveying the plot than exploring the character's emotional depth. The themes of immortality and the desire for human connection are interesting, but they are not fully fleshed out. Rating: 3",3,"The story has some emotional resonance, particularly in the narrator's yearning for human connection and their desire to experience the world in a new way. However, the emotions are not deeply explored, and the writing relies more on telling than showing. The narrator's emotional state is mostly conveyed through exposition rather than action or dialogue. Rating: 3",3,"The story is more focused on conveying the plot and the narrator's desires rather than encouraging empathy or introspection. The narrator's character is not fully developed, and their motivations are not entirely clear. The reader is not given much opportunity to connect with the narrator on a deeper level. Rating: 2",2,"The story has an interesting premise, and the writing is clear and concise. However, the narrative is somewhat dry, and the pacing is slow. The reader may not feel compelled to keep reading, as the story lacks tension or conflict. Rating: 3",3,"The story has some interesting ideas, but the characters are not fully developed, and the relationships between them are not explored in depth. The conflict is minimal, and the story lacks complexity in its themes and character arcs. Rating: 2",2,"The writing lacks a human touch, with a somewhat detached tone and a focus on conveying the plot rather than exploring the character's emotional depth. The language is clear and concise, but it lacks the nuance and imperfections that are characteristic of human writing. Rating: 2",2,"There was a certain charm to playing a long line of eccentric nobles over the years. Shuffling wealth down the 'lineage' of my 'descendants' was simple once you knew how unscrupulous humans were and the ones who knew how to weave through the intricate web of taxation and usury were the best ones who with a wink found a way to move money here or there.

At first, it was in elaborate paintings. Give me a lilting sunset, or a noon basking over a farm field, I would ask. I sighed as each artwork propped itself up after a master of their craft gave me the best rendition of what that fiery orb in the sky looked liked.

Pale imitations of what really existed over my head when I slept.

I then tried to peer into the telescopes of great astrologers and astronomers, only to learn that I grew bored watching things too distant for me to reach.

Next, rotoscopes and movie films equally tried my attention; as cinema was for entertainment, not active participation. I did chuckle at what they thought my kind was like. A sad, tragic but true take of the real thing...

I was so close when computers came alive and from simple pixels to living canvasses stretched across a 3D ceiling, it became alluringly close to what I hungered for. The first games that truly showed me a living ball of searing energy took my breath away.

But it was not quite right. Something was missing. That was until I found an emergent technology that was being worked on in Japan.

I spared no expense. There was a genius to the idea, and I wanted to ensure that it grew, not devolve itself into a plaything for the uninspired and the insipid.

I flipped the visor in my hand. It was truly a marvel of technology. Instant access points to any connection locally, total immersion, and near synaptic processing speeds of data.

Most of the terms flew over my head, but what it offered, I could not deny. Donning it like a helmet, it would allow me access to a world in which it didn't matter who I was, I would be able to see, to sense, to feel what was denied to me for centuries. A yearning I had missed when the last mortal sunset I saw doomed me to be a creature of the night.

Until now.

And all it costed was a pittance of years, an ungodly amount of fortune, and perhaps ten thousand mortal souls.

For I looked over at the man who invented this complex neurological interface. His thin smile, behind that uninspired face, belied a man who valued humans as much as I did. I made a deal with him to build me a world that I could walk in the daylight. And from the handshake we traded, despite my superior strength that I could snap him in half if I so choose, I saw the same being who yearned for something beyond his grasp too- a world that he could exist in as well. A world that would cost anything and everything to make.

He nodded to me, indicating it was ready to wear.

I smiled, a crack that my visage hadn't borne in a good century.

I doffed the NerveGear, and made my way into Kayaba Akihiko's sun-drenched world...",j902zmd,0,Human,Human-Intermediate,Human-Intermediate,211,1200.925371646881
"The story has a unique take on the concept of a vampire, but it still feels somewhat clich√©d. The character's struggles with feeling alive and finding happiness are relatable, but the way they are presented feels a bit too simplistic. The writing does a good job of conveying Stacy's emotional state, but it doesn't feel entirely authentic. Rating: 3",3,"The story does a good job of depicting Stacy's emotional journey, from feeling dead inside to finding happiness through gaming. The writing effectively conveys her emotional state, and the reader can feel her struggles and triumphs. However, the emotions are not particularly complex or nuanced. Rating: 4",4,"The story does a good job of making the reader empathize with Stacy's struggles and feelings of isolation. The reader can understand why she feels the way she does and can relate to her desire for human connection. However, the story doesn't delve particularly deep into Stacy's psyche or emotions. Rating: 4",4,"The story is engaging and easy to follow, with a clear narrative arc. The reader is invested in Stacy's journey and wants to see her find happiness. However, the story is not particularly complex or surprising, and the reader can predict the outcome from early on. Rating: 4",4,"The story has a clear narrative arc, but it is not particularly complex. The characters are somewhat one-dimensional, and the conflicts are resolved relatively easily. The story doesn't explore the complexities of relationships or delve into the intricacies of conflicts. Rating: 2",2,"The story has some characteristics of human writing, such as a clear narrative arc and relatable emotions. However, the writing is not particularly nuanced or complex, and the characters feel somewhat one-dimensional. The story also has a somewhat predictable outcome. Rating: 3",3,"The sky was black and cold and the day was long dead, as somewhere, in a house long forgotten by the sun there lived a undead known as Stacy BloodRayne. A suitable name for a vampire, as she was not only separated from the living but despite the whole being dead thing, held a irrepressible fire inside.

She had just gotten back from another night's trip to her local mall, her only real social interaction to the outside world, she had many off comments, some complimenting her for her coal black hair or her ghostly skin, some on her strange and mysterious lifestyle. Either way, they never lasted.

She talks to the cashier, a young man, Diablo with a direction less yet optimistic outlook on life who is pretty much the only person she regularly sees, after wasting countless nights on the internet, which had became her definition of a public life she had been convinced to purchase a odd new game.

After a conversation she had already hid away she returned to her singular home and decided to plug it in, ""Atleast I'll have some sort of life"" She says to herself, with a defeated grin. After some loading time the game begins and she is struck by a overwhelming emotion as if it was a rapid uppercut to the head. For the first time in the entire month she felt truly awake and held a gaping expression on her face, she didn't know why she felt this way, but she wanted to find out how.

As she continued playing she sees things that had faded away long ago. She starts to see a world, become part of a story, instead of a looming shadow from a abounded pack. She felt a sense of achievement and a odd sense of community, she started to see the light. ""What's this?"" She asks herself, embarrassed as soon as the words came out. ""The giant ball of radiation that floats over in the sky. What people call the sun"" She bluntly responds, before holding in a fit of luaghter.

At first it was merely amusing, as time went on she became invested, as the night turned into day and the day turned into night she had became addicted, in a strangely healthy way. For the first time in a decade, she had finally felt 'happiness' not the fleeting type of a random compliment on the street or a short reward, but something more fulfilling. As if she had finally discovered something she had always needed. Soon her catalogue of games started to build up & she beat them all. She smiled, she laughed, she may have even lived.

As she kept on gaming she decides to try it online and very soon she had found people talk to as well. Maybe life was more than survival. Maybe joy didn't go away with a soul and maybe, just maybe.. video game good.",j90nocp,0,Human,Human-Novice,Human-Novice,6,1177.8152487277985
