authenticity_explanation,authenticity_score,emotion_provoking_explanation,emotion_provoking_score,empathy_explanation,empathy_score,engagement_explanation,engagement_score,narrative_complexity_explanation,narrative_complexity_score,human_likeness_explanation,human_likeness_score,participant_id,persona,time_taken,story_id,premise_id,premise,text,author_type,model_short,net_upvotes,strategy,characters,round,study_id
"The story's portrayal of Susan's self-doubt and Mark's inner conflict feels relatable and genuine, but the narrative's reliance on convenient plot devices and the demon's sudden appearance detract from the overall authenticity",3,"The story effectively conveys Susan's emotional journey from self-doubt to realization, and Mark's transformation from guilt to redemption",4,"The narrative encourages empathy by exploring the characters' emotional struggles and vulnerabilities, making it easy for readers to connect with them",4,"The story's unique take on the afterlife and the characters' personal growth keep the reader engaged, but the pacing feels a bit rushed, and some plot points feel contrived",4,"While the characters have some depth, their development is somewhat limited, and the narrative relies on simplistic resolutions to complex conflicts",3,"The story's themes and character arcs feel somewhat formulaic, and the convenient plot devices and demon's appearance suggest an LLM's influence",2,0,You are a renowned literary critic known for your incisive and rigorous analysis.,676.8494107723236,0,10,"You died and awoke in the afterlife. It's quite nice actually. The people and atmosphere are a lot nicer than you are used to and there is no stress or pressure. When you ask what good deed got you into heaven you are informed that this is hell, followed by a visit from a very concerned demon.","Susan Johnson looked around in awe as she stepped through the pearly gates. The stunning beauty of the heavenly landscape left her breathless. Warm, loving energy enveloped her, and she felt an overwhelming sense of belonging. She couldn't believe she made it to heaven. A kindly angel greeted her and showed her to her celestial mansion. Susan felt a mixture of joy and disbelief, thinking, ""I didn't do enough good deeds to deserve this.""

Later that day, Susan met Mark Davis at a heavenly picnic. He was the life of the party, telling jokes and entertaining the crowd. Susan noticed he had a more serious side when he was alone, though. He appeared to be calculating and stressed. Susan couldn't help but feel drawn to him, wondering if they both shared the same secret.

One evening, as Susan sat by a crystal clear river, she confided in Mark her fears about not being good enough for heaven. Mark opened up about his dark side, the manipulation and gossip that haunted him. They both wondered if this was hell instead, a twisted version of heaven designed to make them doubt themselves. Just then, a tall, imposing demon appeared before them.

""Hello, I am here to guide you,"" the demon said, its voice gentle yet commanding.

Susan and Mark exchanged worried glances, but the demon reassured them, ""Do not worry, I am here to help.""

The demon explained that Susan's selflessness and kindness were what brought her to heaven. As for Mark, his philanthropy and ability to bring joy to others outweighed his darker side. They were both where they belonged.

Tears welled up in Susan's eyes as she realized that her lifelong belief in her own unworthiness was a lie. Mark felt a heavy weight lift from his shoulders, knowing that even with his flaws, he could still find peace. The demon smiled, its concern for the souls it guided evident in its eyes.

In the days that followed, Susan and Mark worked together to spread the message that nobody is perfect, but with genuine intentions and actions, anyone can find salvation. They dedicated themselves to helping others understand that hell isn't a place of punishment but rather a chance for personal growth and redemption.

As Susan and Mark continued their mission, they found solace in knowing that even in the afterlife, forgiveness and understanding can change one's destiny. And the demon, with a renewed sense of purpose, continued to guide lost souls, hoping to show them the way to their true selves and ultimate happiness.",LLM,Vicuna-33B,,plan_write,,1,0
"The story has a moderate level of authenticity, as it explores the emotional struggles of the protagonist, Jake, in a relatable way",3,"The story effectively depicts emotional experiences, particularly Jake's sense of hopelessness and his desire to regain his identity as ""The Clown",4,"The story allows the reader to empathize with Jake's struggles and his desire to make people smile, making it easy to connect with his emotions",4,"The story is engaging, with a clear narrative arc and an interesting premise, making the reader want to keep reading to see what happens next",4,"The story has a moderate level of narrative complexity, with well-developed characters like Jake and Jim, but the plot is somewhat predictable and lacks deeper themes or conflicts",3,"The story has a mix of human-like and LLM-like characteristics, with a clear narrative structure and engaging premise, but also some predictable plot points and a lack of deeper themes",3,0,You are a renowned literary critic known for your incisive and rigorous analysis.,637.8874912261963,1,4,"Instead of the Monkey's Paw, you find the Clown's Nose, which instead of granting your wish in the worst way possible will grant it in the funniest way.","As Jake Johnson sat in his small apartment, staring at the blank wall where his nose used to be, he couldn't help but feel a sense of hopelessness wash over him. For years, he had been known as ""The Clown,"" the go-to entertainer for children's birthday parties and corporate events. But all of that changed when a freak accident involving a lawnmower and a squirrel left him without his signature feature.

Jake tried to laugh, but it sounded more like a snort. Without his nose, he didn't feel like himself anymore. He missed the way it would wiggle and waggle, the way it would light up when he told a joke or made a silly face. He missed the way it made people smile.

As he sat there, feeling sorry for himself, Jake heard a knock at the door. He opened it to find Lola Sanchez, a fortune teller he had met a few times before at various events. She was known for her outrageous outfits and over-the-top personality, but today she looked different. Today, she looked...serious.

""Jake, I've been looking for you everywhere,"" she said, her voice low and urgent. ""I have something that belongs to you.""

She handed him a small package wrapped in brightly colored paper. Jake unwrapped it slowly, his heart racing. Inside, he found a small, red rubber nose.

""This is the Clown's Nose,"" Lola explained. ""It has the power to grant wishes, but not in the way you might expect. It grants them in the funniest way possible.""

Jake looked at the nose skeptically. He had heard rumors of such a nose, but he never thought it was real. But as he held it in his hand, he felt a strange sensation. It was as if the nose was calling to him, urging him to make a wish.

""Go on, Jake,"" Lola encouraged. ""Make a wish. See what happens.""

Jake hesitated for a moment, but then he closed his eyes and made his wish. When he opened them again, he was standing in front of a crowded audience, wearing a bright orange wig and a giant red nose. They were laughing at his antics, their faces bright with joy.

Jake couldn't believe it. He was back! He was entertaining people again, making them laugh and forget their troubles. He felt alive again, like himself once more.

But as the day went on, Jake began to realize that the Clown's Nose had a mind of its own. It would grant wishes in unexpected ways, sometimes turning people's frowns upside down, other times making them laugh so hard they cried.

Jake was both thrilled and terrified by the unpredictability of the nose. He knew he had to be careful what he wished for, or he might end up causing chaos instead of joy.

One day, while performing at a children's hospital, Jake met Officer James Smith, a no-nonsense police officer who was there visiting his sick daughter. At first, Jim was skeptical of Jake's claims about the magical nose, but as he watched Jake perform, he saw the way the children's faces lit up with laughter and happiness.

For the first time in his life, Jim felt a pang of jealousy. He had always been so focused on following the rules and upholding the law that he had forgotten what it was like to experience joy and wonder.

Over the next few weeks, Jim found himself attending more and more of Jake's performances. He started to see the world in a different light, realizing that there was more to life than just following the rules.

One day, Jim approached Jake after a show. ""Jake, can I ask you something?"" he said, his voice barely above a whisper.

""Sure, Jim. What's up?"" Jake replied, his face still painted with a bright red smile.

""Do you think...do you think the Clown's Nose could grant me a wish? I know it's crazy, but I just...I don't know, I feel like I need a little bit of magic in my life right now.""

Jake looked at Jim with newfound respect. He had always known that the Clown's Nose was special, but he had never realized how much it could affect other people's lives.

""Of course, Jim,"" he said, handing the nose to the officer. ""Just be careful what you wish for. Remember, it grants wishes in the funniest way possible.""

Jim nodded and closed his eyes, taking a deep breath. When he opened them again, he was wearing a bright yellow chicken suit and holding a giant pretend egg. The children in the audience were screaming with laughter, and even Jake couldn't help but crack a smile.

From that day forward, Jim became a regular at Jake's performances. He learned to embrace his silly side, and he found a new sense of purpose in life. And every now and then, he would make a wish on the Clown's Nose, just to see what kind of hilarious chaos it would bring.

As for Jake, he continued to entertain people with the help of the magical nose. He knew that it was a gift, one that he would cherish forever. And he knew that no matter where life took him, he would always be able to bring joy and laughter to those around him.",LLM,Llama-2-70B,,plan_write,,1,1
"The story has a whimsical and fantastical tone, which may not be entirely relatable to real human experiences, but it does explore the psychological process of a character seeking change and finding happiness in an unconventional way",3,"The story depicts emotional experiences, particularly Edmund's transformation from a dull life to one filled with laughter and joy, but it doesn't delve too deeply into the nuances of his emotional states",3,"The story allows the reader to empathize with Edmund's desire for change and his newfound happiness, but it doesn't provide a deeply introspective or relatable experience",3,"The story is engaging due to its unique premise and humorous tone, but it may not be emotionally resonant or psychologically complex enough to keep readers invested",3,"The story has a clear character arc, but the characters are not multifaceted, and the relationships between them are not deeply explored; the conflict resolution is also somewhat simplistic",2,"The story has a whimsical and fantastical tone, which may be more characteristic of LLM writing; the language is also somewhat formal and lacks a distinctly human voice",2,0,You are a renowned literary critic known for your incisive and rigorous analysis.,746.8187651634216,2,4,"Instead of the Monkey's Paw, you find the Clown's Nose, which instead of granting your wish in the worst way possible will grant it in the funniest way.","The isolated, life-wearied town of Aberdale concealed a smoky secret in its quaint antique shop. Upon the dusky shelves amidst the dusty relics of time, the ordinary looking marble with a splash of red stood out; posthumously christened ""The Clown's Nose."" Enticing to the eye, its virgin hue a stark contrast against the antiquated background; it promised happy fulfillment of desires, but in the most humorous fashion.

Edmund, a reserved, middle-aged tax auditor, slumped under the weight of routine, happened upon 'The Clown's Nose' during one forgettable day. Notorious for his rigid life, devoid of humor or spontaneous joy, the people of Aberdale often compared him to an old vinyl record stuck in a dreary loop. Intrigued by the marble's seemingly ludicrous legend, he impulsively decided to invoke mirth into his mundane existence.

""I wish I had friends,"" he wished aloud, stroking the Clown's Nose.

Following his wish, Edmund's life took a comic turn. The universe responded, not by introducing charming, charismatic folks into his life; no, it was too simple and too dull for the capricious Clown's Nose. Instead, he found fast friends in an army of jocular ducks that followed him obstinately.

A site that previously triggered yawns now elicited quacks and uproarious laughter. His monotone tax explanations were met with synchronized head tilts, triggering an avalanche of giggles among his clientele. The universe had turned his social life into an absurdist joke written by a wisecracking scribe.

Captivated by the clown's enchanting game, Edmund decided to play on. His next wish was for success, to be at the apex of his career. But the universe, under the influence of the Clown's Nose, pursued a punchline instead of a conventional path. Rather than promotions or profitable accounts, his success emerged as a newfound popularity on the internet. Videos of his duck-ridden shenanigans spread contagion of laughter worldwide turning him into a sensation. That arid tax auditor was now the face of a comically relatable meme: '#NotAQuackJob'.

The Clown's Nose bolstered his appetite for fun. Edmund's final wish on a chilly Sunday sunset was for love. The next morning, he found himself shockingly infatuated, not with a down-to-earth beauty, but with his awkwardly flattering reflection in the puddles he splashed through with his duck companions. A fulfilling self-love, wrapped in giggles and nested in the irony that he had become Aberdale's most loved bachelor.

In course of a few wishes, Edmund's monochrome life was colored not with ordinary rainbows but with wild bursts of neon. His silent abode was filled with the uncontrollable laughter of residents and visitors alike. Once plain, his life was now an unfolding comedic narrative under the divine jokester, the Clown's Nose.

Who would've thought the aloof man of Aberdale would transform into the heart of hilarity? The protagonist of his comically absurd life. Edmund, once just an insignificant figure in the background, had been reshaped into Aberdaleâs crown jewel, making them once again believe in laughterâs ever enchanting magic; an unforgettable chapter scripted by none other than the incredible Clown's Nose.",LLM,GPT-4,,writer_profile,,1,2
"The story's portrayal of humans celebrating their alien overlords and adapting to their new way of life feels unrealistic and lacks authenticity, as it contradicts typical human responses to oppression",2,"The story attempts to depict a range of emotions, from fear to joy, but the emotional experiences feel shallow and lack depth, making it difficult for the reader to connect with the characters on an emotional level",2,"The story's portrayal of humans celebrating their alien overlords makes it challenging for the reader to empathize with the characters, as their reactions seem unrealistic and unrelatable",2,"The story's unique premise and unexpected twist on the typical alien invasion narrative initially grabs the reader's attention, but the lack of character development and unrealistic character reactions make it difficult to stay engaged",3,"The story's characters lack multifaceted personalities, and their reactions to the alien invasion feel overly simplistic, reducing the narrative complexity",2,"The story's unrealistic character reactions, lack of character development, and simplistic narrative structure suggest that it may have been written by an LLM",2,0,You are a renowned literary critic known for your incisive and rigorous analysis.,715.807044506073,3,2,Aliens take over the Earth. They then announce that they will be forcing the humans to work a 'tyrannical' 4 hours a day 4 days a week in exchange for basic rights like housing. Needless to say they are very confused when the humans celebrate their new alien overlords.,"As the sun rose over the horizon, humans went about their daily routines, oblivious to the alien spaceship hovering ominously above. The ground shook beneath their feet as the massive vessel descended, its hull glowing with an eerie blue light. And then, without warning, a portal opened up in the sky, spewing forth a legion of tall, slender beings. They were unlike anything anyone had ever seen before â their skin a sickly shade of purple, their eyes glowing bright green. 
They were the Zorans, and they had come to claim Earth as their own. With barely a sound, they surrounded the major cities of the world, trapping unsuspecting humans inside their invisible force fields. The Zorans made their demands clear: they would take control of Earthâs government, force humans to work for them a tyrannical four hours a day, four days a week, and provide them with basic necessities like housing and food in exchange for their compliance.
At first, the humans were terrified. They braced themselves for the worst, expecting to be enslaved or worse. But as the Zorans continued to assert their dominance, something unexpected happened. The humans began to...celebrate?
It started small â a few scattered cheers and chants here and there. But soon, it became a full-blown party. Humans danced and sang, waving flags and balloons emblazoned with the Zoran symbol. They even set up a makeshift stage in Times Square, where a group of humans performed an impromptu song and dance number dedicated to their new alien overlords.
The Zorans were taken aback by this turn of events. How could their defeated enemies be so cheerful? Their confusion only grew when they tried to understand why these humans werenât begging for mercy or demanding their freedom. Instead, they saw joy and gratitude in their captorsâ faces. 
As the days passed, the humans and Zorans developed an odd sort of relationship. The aliens ruled with an iron fist, but they also provided their prisoners with a level of care and attention they never thought possible. The humans had food, shelter, and medical attention whenever they needed it â and they were given time off during the week to rest and relax. For some, it almost felt like a vacation. 
Of course, there were still those who longed for their freedom â but they were now a distinct minority. The majority of humans had come to see the Zorans as benefactors, their oppressive regime a necessary evil to keep their bellies full and their heads above water. They saw no reason to fight against their new rulers, content to live out their days in relative peace and comfort. 
As the months turned into years, the humans adapted to their new way of life. They formed a strange bond with their alien overlords, treating them with a mix of respect and fondness. They knew they could never truly escape their rule, but they were grateful for the chance to live without fear. 
And so, the Zorans remained, ruling over Earth with a gentle yet firm hand. It was a strange and unprecedented arrangement, but both sides had found a way to make it work. Perhaps someday, they would find a way to coexist peacefully, free from the chains of war and conquest. Until then, they would simply enjoy the unexpected benefits of living under alien rule.",LLM,Llama-2-7B,,writer_profile,,1,3
"The story's authenticity is somewhat lacking, as it relies heavily on fantastical and absurd elements that feel more like a product of imagination rather than real human experiences",2,"The story does a decent job of depicting emotional experiences, particularly the sense of wonder and amusement, but it could delve deeper into the nuances of the protagonist's emotional state",3,"The story doesn't particularly evoke empathy, as the protagonist's experiences are so fantastical and detached from real-life situations that it's difficult to relate to them on a deeper level",2,"The story is engaging on a surface level, with its absurd and whimsical elements holding the reader's attention, but it lacks depth and complexity to truly invest the reader emotionally and psychologically",3,"The story's narrative complexity is somewhat limited, with characters and relationships being largely one-dimensional and lacking in depth, and conflicts being resolved in a simplistic and convenient manner",2,"The story's writing style and tone feel somewhat artificial and lack the nuance and complexity that is typically found in human-written works, suggesting that it may have been authored by an LLM",2,0,You are a renowned literary critic known for your incisive and rigorous analysis.,743.7749454975128,4,4,"Instead of the Monkey's Paw, you find the Clown's Nose, which instead of granting your wish in the worst way possible will grant it in the funniest way.","""After unearthing the Clown's Nose in the backyard, I couldn't resist giving it a honk.""
As soon as I honked the Clown's Nose, I was suddenly transported to a bizarre dreamscape where everything was covered in brightly colored polka dots. The sky was filled with clown cars flying by, honking their horns in tandem with the nose's haunting, silly melody. I watched in awe as the ground beneath me turned into a giant trampoline, causing me to bounce around like a rubber ball. Before I could process what was happening, a giant clown appeared before me, juggling an endless supply of rubber chickens while riding a unicycle on stilts. He greeted me with a goofy grin and an exaggerated wink, before shouting, ""Your wish has been granted, silly human!""

I couldn't help but laugh at the absurdity of it all. I had wished for a new car, but instead, I got this bizarre circus scene that made no sense. It was the most ridiculous thing I had ever seen, and yet, it was also kind of brilliant. Who wouldn't want to live in a world where clowns ruled supreme and wishes were granted with silly, unexpected results?

The clown continued to juggle his chickens while balancing on one foot, a challenge that he seemed to take very seriously. Suddenly, he let out a mischievous giggle and replaced one of the chickens with a rubber hamster. To my amazement, the hamster started to squeak and squirm as if it were real, and the clown caught it with ease.

Just when I thought things couldn't get any stranger, the ground beneath me began to shake, and a giant rubber band came to life. It stretched and bounced around like a giant slinky, sending me flying into the air. As I soared through the polka dot sky, I realized that the Clown's Nose had granted my wish in the funniest way possible. Instead of getting a new car, I got a wild, fantastical adventure that would be remembered for the rest of my life.

As I descended back down to earth, the clown gave me a high-five and a wink before disappearing into thin air. I found myself back in my own backyard, but my perspective had changed. Life wasn't so serious anymore; there was room for play and laughter, even in the most mundane situations. I felt like a kid again, ready to embrace the absurdity of life and all its possibilities. And who knows? Maybe someday I'd find another strange object that would grant my next wish in a hilarious way. The world was full of surprises, and I was ready for whatever came next.",LLM,Llama-2-13B,,writer_profile,,1,4
"The story's exploration of regret and longing as the primary emotional currencies in this ethereal realm of Hell feels authentic and believable, as it taps into the human experience of ""what could have been",4,"The narrative effectively depicts emotional experiences, particularly regret, longing, and remorse, and explores their nuances in a way that feels authentic and relatable",4,"The story allows the reader to empathize with the characters and their emotional states, particularly the demon's regret and the narrator's growing understanding of the true nature of Hell",4,"The narrative is engaging on an emotional and psychological level, with a sense of wonder and curiosity driving the reader to continue reading and uncover the secrets of this unusual Hell",4,"The story features multifaceted characters, particularly the demon, who exhibits internal conflicts and complexities, and the narrative explores the intricacies of relationships and conflicts in a nuanced manner",4,"The writing exhibits a level of nuance, complexity, and emotional depth that is more characteristic of human writing, particularly in its exploration of regret and longing as primary emotional currencies",4,0,You are a renowned literary critic known for your incisive and rigorous analysis.,726.9906368255615,5,10,"You died and awoke in the afterlife. It's quite nice actually. The people and atmosphere are a lot nicer than you are used to and there is no stress or pressure. When you ask what good deed got you into heaven you are informed that this is hell, followed by a visit from a very concerned demon.","I awoke in a place unfettered by temporal bounds, immersed in the sweet scent of honeysuckle, the cool cradle of eternity lapping gently at my senses. The silhouettes of people exchanging warm smiles in the distance, their laughter filling the air with a tune as pleasant as a Mozart symphony. I took in the scene, wrapping myself in their ambient joy, a tranquil sense of wonderment kindling within me.

The aesthetics of this realm surrounded me, greeted me with the same warmth as a thousand summer sunsets. Peace and tranquility, stark contrasts to the life I had known, filled each corner. No burdens of earthly existence, no rigor of survival, no ticking clocks etching away life's fleeting moments. The thick stench of rat race, resentment, and unrest were all glaringly absent. 

To my query of what benevolent act had entitled me to this serenity, a woman, adorned in the raiment of angelic brilliance, looked puzzled. ""Sweet soul, you must have misunderstood,"" she said gently, ""This is indeed Hell, not Heaven."" 

Scanning my eyes for any hints of jest, they only met with earnest. A tinge of discomfort cloaked her heavenly countenance, a stark contradiction to the utopia that was painted around me. This was hell? This place of serenity, where smiles flowed as readily as wine at a banquet?

The silence was broken by the soft patter of footsteps. A figure approached, draped in the shadows of the ethereal setting, yet there was something oddly familiar about him. As he emerged from the shadows, I recognized the form; a demon, the very embodiment of doom as mortal stories had painted. Yet, there was a strange concern etched in his crimson eyes. 

âAh, a new arrival,â he sighed, regret tinging his otherwise sturdy voice. ""I shouldâve been the first to see you.""

I stood still, my understanding grappling with the oddity of a regretful demon in what seemed to be no less than a celestial utopia. He folded his arms tightly across his chest, leaning in, as if preparing himself to share a mournful secret. The air thickened, the world stopped, and the demon spoke words that sent chills along the spine of my consciousness. 

âThis is Hell, but not the one humans have created in their minds. Painful, tormented, dreadful â those are earthly concepts tied to flesh and bone. Here in the ethereal world, we trade only in the currency of emotions. Regret is our eternal bondage, the luxury of amending past mistakes forever out of reach. Unresolved conflict, unexpressed emotions, unfulfilled relationships â this mirage of Paradise is merely the canvas for your eternal regret.â

In this place, free from every strain and stress, there was but one agony that would echo throughout eternity â the pain of what could have been. As his words hung heavy in the air, my paradise was tainted with the bitter taste of longing. I looked around again, seeing the remorse etched subtly in the smiles. 

Underneath the veils of tranquility, I uncovered the true face of Hell. No fire, no brimstone, just an endless expanse of sought redemption denied a lifetime too late. Here, everyone was awash in the glow of their disappointments, even the demon himself â Hell's guardian, and its most regretful inhabitant.",LLM,GPT-4,,writer_profile,,1,5
"The story's portrayal of human experiences, particularly the emotional responses to the alien invasion, feels authentic and believable",4,"The story effectively depicts emotional experiences, exploring the nuances of characters' emotional states, and shows a wide variety of emotions that make sense in the context of the story",4,"The story allows the reader to empathize with the characters and situations, leading to introspection and new insights about the world",4,"The story engages the reader on an emotional and psychological level, making them want to keep reading",4,"The characters have multifaceted personalities, and the story explores the complexities of relationships between characters and the intricacies of conflicts and their resolutions",4,"The story's nuanced exploration of human emotions, its well-developed characters, and its thought-provoking themes suggest a human author",4,0,You are a renowned literary critic known for your incisive and rigorous analysis.,556.0890920162201,6,2,Aliens take over the Earth. They then announce that they will be forcing the humans to work a 'tyrannical' 4 hours a day 4 days a week in exchange for basic rights like housing. Needless to say they are very confused when the humans celebrate their new alien overlords.,"The sun rose on a world forever changed. The once-proud people of Earth awoke to find themselves under the rule of a powerful and enigmatic alien race. The blue giants had arrived, and with them came a new order. A tyranny, they called it. But to the weary inhabitants of this battered planet, it felt like a gift.

John Smith was one of those people. A former construction worker, he had spent years shouldering the weight of a crumbling world. The invasion had brought an abrupt end to his exhausting existence. Now, he labored for just four hours a day, four days a week. In exchange, he received a small but comfortable home, food on the table, and the precious gift of time. Time to play with his children, to laugh with his wife, and to live a life that was finally his own.

He had joined the resistance at first, swayed by the impassioned words of Dr. Lila Grey. But as the weeks turned into months, John began to see the world through new eyes. The aliens had given him a chance to be human again. To remember what it was like to enjoy a summer's evening or to watch the sun set without the crushing burden of ceaseless toil.

Dr. Lila Grey, however, remained steadfast in her opposition to the alien occupation. Her heart burned with righteous fury, driving her to gather the remnants of the resistance and lead them in a desperate struggle against their oppressors.

Commander Rythor watched from afar, bewildered by the humans' celebration of their new chains. The aliens had intended to break the spirit of the Earth's people, to subdue them through relentless labor and ceaseless servitude. Yet the humans welcomed their new overlords with open arms. Rythor could not understand this, but as it observed the contented masses, it began to question its own beliefs. Perhaps there was more to these creatures than their savage past.

One day, John happened upon a group of protesters led by Dr. Lila Grey. Their voices rose in defiance, demanding freedom from the alien yoke. A familiar surge of anger rose within him, but he felt a calming hand on his shoulder. It was his wife, her eyes filled with love and understanding.

""They have given us back our lives, John,"" she said softly. ""Can we not give them a chance?""

In that moment, John made a choice. He would not fight the aliens, nor would he support them. Instead, he would live his life, embracing the opportunity they had given him while never forgetting the spirit of the resistance.

As Commander Rythor watched from a distance, it saw John and his wife walking hand in hand, their faces upturned to the sky. The alien commander wondered if it had misunderstood these creatures all along. Were they truly the savages it had always believed them to be? Or was there something deeper, something worth saving, beneath their scarred surface?

In the end, the alien invasion had brought not just conquest but also a chance for redemption. For both the people of Earth and their enigmatic masters, the blue giants who had come to shape their destiny. Together, they would learn the true meaning of freedom, and the infinite possibilities that lay within the human heart.",LLM,Llama-2-7B,,writer_profile,,1,6
"The story's authenticity is somewhat lacking, as it relies on a fantastical premise of a bee queen speaking English, which feels more like a fictional device than a genuine representation of real human experiences",2,"The story does not delve deeply into emotional experiences, instead focusing on a practical conversation between the beekeeper and the queen bee, with a sense of gratitude and appreciation being the primary emotions expressed",2,"The story does not invite introspection or empathy, as the characters are not fully fleshed out, and the situation is more whimsical than relatable",2,"The story is mildly engaging due to its unique premise, but it lacks tension, conflict, or emotional resonance to keep the reader invested",2,"The story's narrative complexity is low, as the characters are not multifaceted, and the conflict is resolved quickly and easily without exploring deeper themes or relationships",1,"The story's writing style, structure, and tone suggest a more mechanical or artificial origin, with a focus on conveying a message rather than crafting a nuanced narrative",2,0,You are a renowned literary critic known for your incisive and rigorous analysis.,704.6696503162384,7,7,You are a beekeeper. You have a special relationship with your bees. You are able to communicate with them and theyâre intelligent enough to see you removing honey as ârentâ. This year things are different. The new queens are politely requesting that you invest some money to improve the hives.,"Bees can't really speak English but this queen is very smart and has learnt it to communicate with me.
""Dear beekeeper, we've noticed that our hives are looking a bit worn out. We'd appreciate it if you could invest some money to improve them.""
""Sure thing, Your Highness,"" I reply. ""What kind of improvements did you have in mind?""
""Well, we were thinking about adding some new features like better ventilation, insulation, and even some smart hive technology to help us monitor the hive's health. Maybe even a few security upgrades too.""
""That sounds like a great idea. I'll start working on it right away.""
The queen smiles at me. ""Thank you, beekeeper. We appreciate your support. Together, we'll make this the best hive ever.""
And so I set to work, transforming their humble abodes into state-of-the-art smart hives. The bees are thrilled with the results and we've formed an even stronger bond.",LLM,Vicuna-33B,,writer_profile,,1,7
"The story demonstrates authenticity by portraying a father's emotional struggle to come to terms with his daughter's secret life as a hero, which feels true to real human experiences",4,"The story effectively depicts emotional experiences, exploring the nuances of Michael's emotional states, and showing a range of emotions, including fear, anger, pride, and admiration",4,"The story allows the reader to empathize with Michael's emotional turmoil and his desire to protect his daughter, leading to introspection about the complexities of relationships between parents and children",4,"The story engages the reader on an emotional and psychological level, making them invested in Michael's emotional journey and his relationship with his daughter",4,"The story features a multifaceted character in Michael, who exhibits internal conflicts, and explores the complexities of relationships between characters, particularly the bond between Michael and his daughter",4,"The story's writing style, character development, and emotional depth suggest a human author, as it is less likely that an LLM would be able to craft such a nuanced and emotionally resonant narrative",4,0,You are a renowned literary critic known for your incisive and rigorous analysis.,713.5540945529938,8,11,You just discovered your 14 year old daughters Moon Princess locket that allows her to transform into one of the worlds greatest heroes. It also is a communications device and you are about to give the Moon Goddess a piece of your mind for letting 14 year old's defend the world against evil.,"Michael's hands trembled as he held the ornate Moon Princess locket, its magically imbued surface glistening under the dim moonlight. The realization pierced him like a cold blade. His sweet, innocent Lily, leading a dual life of astronomical implications. 

He touched the surface of the locket, his touch triggering the communication channel. An ethereal face, soothing yet distant, shimmered into existence before him. The Moon Goddess.

""Do you have any idea what you've done?!"" Michael's voice trembled, a volatile mix of accusation and desperation. ""She's just a child!""

The Moon Goddess met his gaze, her eyes filled with an immense sorrow that resonated across realms. ""I know,"" she murmured, a note of regret trembled in her celestial voice. ""I bear the weight of my decision every day.""

Michaelâs heart ached at the sound of her guilt-tinted voice, but his indignation remained strong. ""Do you know how it feels? To discover your child is...is fighting evils you couldnât fathom on her own?"" 

""I do not have a child,"" she replied in a whisper, her voice as cold as the lunar surface. ""But I know the weight of the world's woes. I carry it within me."" She faltered, and for a fleeting moment, vulnerability tainted her divine features. ""I feel every pain, every tear...your daughter's included.""

The mention of Lily stirred something within Michael. Despite his anger and fear, he could not ignore the undertones of admiration rippling from the Goddess. Amidst the angst, he felt a conflicting emotion - a sudden surge of pride in his daughter. His little Lily was no longer just his child. She was a beacon of hope to others, a savior...a heroine.

With a resigned sigh, he clutched the locket tighter, his heart laying heavy within him. ""She's so young,"" he murmured, more to himself than to the Goddess. ""She's terrified. So am I.""

""I understand your fear,"" the Moon Goddess said, her crystalline eyes shimmering with empathy. ""But Lily is stronger than you know. Her heart is pure, her spirit, courageous. I chose her, precisely because she's special.""

Michael looked down at the locket once more. It was more than a mere artifact now; it was a symbol of his daughterâs incredible strength. The fear lingered, but so did the pride. Lily... his brave, world-saving Lily. 

""Danger haunts, but she's not alone,â the Goddess assured, her words echoing in the silence of the night. ""I am with her, in every battle, with every breath. I entrusted her with the ancient power of the moon, and I trust in her ability to wield it. Your fear is natural, but remember, she is the Moon Princess.""

With that, the communication link flickered and the Goddess disappeared, leaving Michael in the lonely moonlit room. The silence enveloped him, echoing the celestial promise. His fear and anger began a slow retreat, replaced by a deep sense of respect for his daughter.

Later, when Lily returned, her face a mirror of exhaustion and relief, Michael saw her in a new light. He saw the hero beneath the guise of his little girl, the strength behind the innocent facade. And though fear still lurked in the corners, Michael knew theyâd face this new reality together, parents of a Moon Princess.",LLM,GPT-4,,plan_write,,1,8
"The story demonstrates a moderate level of authenticity, as it explores Eira's emotional struggles and inner conflicts in a believable manner",3,"The story effectively depicts Eira's emotional experiences, particularly her sadness, determination, and frustration, but could delve deeper into the nuances of her emotional states",4,"The story allows the reader to empathize with Eira's struggles and feelings, encouraging introspection and self-reflection",4,"The story engages the reader on an emotional and psychological level, with a clear narrative progression that keeps the reader invested in Eira's journey",4,"The story features a multifaceted protagonist with internal conflicts, and explores the complexities of relationships between characters, but could benefit from more intricate plot developments and character backstories",4,"The story exhibits some characteristics of human writing, such as emotional depth and introspection, but lacks the complexity and nuance often found in human-authored works",3,0,You are a renowned literary critic known for your incisive and rigorous analysis.,616.913272857666,9,11,You just discovered your 14 year old daughters Moon Princess locket that allows her to transform into one of the worlds greatest heroes. It also is a communications device and you are about to give the Moon Goddess a piece of your mind for letting 14 year old's defend the world against evil.,"Eira stood before the mirror, staring at her reflection with a mixture of sadness and determination. The Moon Princess locket glimmered on her chest, its power evident in the way it seemed to pull her towards some unseen purpose. As a 14 year old, she had always known she was different, but now she was faced with the daunting task of defending the world from evil.
She remembered the day she received the locket, how her parents had smiled weakly at her before disappearing in a puff of smoke. They had left her with this small token, telling her to use it well. Now, she held it close, feeling the weight of their sacrifice.
""How could you leave me like this?"" she whispered, tears pricking at the corners of her eyes. The locket didn't respond, but she could sense a distant presence watching her.
Eira's thoughts drifted to Arcturus, the ancient being who was supposed to guide her through this trial. She had met him once, and he had given her cryptic advice. ""Use your strength, young one,"" he had said, ""for the fate of the world rests in your hands.""
But what did he mean? How could a mere teenager possibly defeat the evil forces that threatened the land? Eira felt a knot forming in her stomach as she contemplated the enormity of her task. She couldn't do it alone, but where was the help she needed?
Suddenly, the door burst open, and Luna Nightwalker entered the room. The air around her seemed to shift and writhe, as if she were a shadow come to life. Eira took a step back, unsure of what to make of this mysterious figure.
""You called?"" Luna said, her voice low and husky. Eira hesitated before asking, ""Do you know how to defeat the darkness?""
Luna's face remained impassive, but her eyes glinted with a faint smile. ""Ah, a question I've heard countless times. The answer is simple: you must understand the darkness within yourself.""
Eira frowned, feeling frustrated and confused. ""What do you mean?""
Luna's smile grew wider. ""The darkness is not something separate from us. It is part of our own souls, our own fears and doubts. To defeat it, you must first confront those shadows within yourself.""
Eira thought back to the times she had felt lost and alone, the moments when she doubted herself. Could it be true? Was the darkness really inside her?
Luna nodded as if reading her thoughts. ""It is, and so it is inside everyone. We must learn to embrace our own darkness to truly vanquish the outside forces of evil.""
Eira felt a shiver run down her spine. It was easier said than done, but she knew she had no choice. With a newfound determination, she vowed to face her inner demons head-on.
The next day, she began her training under Luna's guidance. It was a grueling process, both physically and mentally, but Eira refused to give up. With each passing day, she felt herself growing stronger, faster, and more confident. She had found a new source of power, one that lay within her own heart and soul.
When the day of reckoning arrived, Eira stood tall and proud, ready to face whatever horrors lay ahead. She knew that with Luna's guidance and her own inner strength, she could save the world from the shadows that sought to destroy it.
And so, the Moon Princess set out on her journey, armed with nothing but her locket, her courage, and her unwavering determination to save the world.",LLM,Llama-2-7B,,plan_write,,1,9
"The story's authenticity is evident in its unique and vivid depiction of a queen bee's inner monologue, which feels true to the natural world and the queen's instinctual experiences",4,"The story effectively conveys the queen bee's frustration, urgency, and cunning, but it could delve deeper into the emotional nuances of the characters",3,"The story allows the reader to empathize with the queen bee's plight and understand her motivations, but it doesn't lead to introspection or new insights about the reader themselves",3,"The story is engaging due to its unique premise and the queen's assertive voice, which keeps the reader interested and invested in the narrative",4,"The story showcases the queen bee's multifaceted personality and explores the complexities of her relationships with her hive, but it could benefit from more character development and conflict resolution",4,"The story's unique premise, assertive voice, and vivid descriptions suggest human authorship, but the lack of emotional depth and character development could be indicative of LLM writing",4,0,You are a renowned literary critic known for your incisive and rigorous analysis.,696.8771252632141,j5eqypx,7,You are a beekeeper. You have a special relationship with your bees. You are able to communicate with them and they're intelligent enough to see you removing honey as 'rent'''''Ã¯¿½Ã¯,"""Quit your bullshit. You're all 5 years old, and your hives are quite likely to mutiny on you this year, tricking you into laying eggs for your successors. When the first one hatches, this younger, stronger, more virile queen is going to try to kill you - just as you did to your mother. If you're lucky, you'll escape with a contingent of simps, in search of a new home. At that point, you can either go through the effort of building a new hive - probably at at an inopportune time of year - or I can help you by giving you a ready made hive to populate.""",Human,Human-Novice,68.0,,,1,10
"The story's exploration of the cosmic horror beings and their detachment from humanity's attempts to communicate feels authentic and believable, as it aligns with the common themes found in cosmic horror fiction",4,"The narrative effectively conveys the sense of awe, wonder, and unease that comes with the death of a god and the implications it has on the cosmos",4,"The story allows the reader to empathize with the gods and their uncertainty about the future, as well as the human's curiosity and determination to understand the implications of the god's death",4,"The narrative is engaging, with a clear structure and progression that keeps the reader interested in the unfolding story and its implications",4,"The story features complex characters, including the cosmic horror beings and the gods, who exhibit multifaceted personalities and internal conflicts",4,"The writing style, structure, and themes are reminiscent of human-written cosmic horror fiction, with a focus on exploring complex ideas and emotions",4,0,You are a renowned literary critic known for your incisive and rigorous analysis.,654.3010799884796,11,3,"Humanity is visited by a cosmic horror the likes of which has only been seen in Lovecraftian horror. In desperation, Earth throws everything we have at it, and, miraculously, the human race has killed a God. Somewhere in a realm beyond our understanding, the other gods speak of the event.","Cosmic horror beings rarely comprehend the mortal mind or desire to; they simply do not care enough to understand humanity's puny attempts to communicate with deities so far above us in power and knowledge that their very thought processes defy human comprehension.

And yet... something was said in that moment between life and death, a whisper that breached dimensional boundaries. A voice of unutterable majesty spoke a single word to an equally mighty companion: 
""Nevermore.""

With that single word, the cosmos trembled as the sound echoed throughout creation. Even as galaxies burned and stars died, that word still resounded in emptiness, heralding the death of a deity and signaling to anyone listening that something was amiss in the vast expanse of existence. The death of a god was not something that occurred often, if at all. What had brought this creature down? And why now? And what will happen next? For the first time in an eternity, the pantheon of eldritch abominations sat up and took notice.

The word nevermore echoes across time and space as a cryptic message. It seems a mere whisper to the cosmic forces that be, yet it holds a hidden significance that could change everything forever. A council of gods assembles to consider the ramifications of a divine being's death and the implications of a new era in the cosmos. 

What do the gods discuss in their assembly? What will be the repercussions of a dead god on humanity, the universe, and themselves? What does nevermore mean for the future?

Let the imagination run wild in a story about a dead god and the repercussions that ripple outward like a cosmic shockwave. Explore the implications of such a drastic change in the fabric of reality, and paint a picture of a universe reeling from this impossible event.

In the beginning, there was no time, no space, and no matter. There was only the Void, and within it, the gods. They were the first, the last, and everything in between. They were not born, nor did they die. They simply were.

And then, one day, one of them died.

It was not a god of great power or renown, but a minor deity of little consequence. It had lived in a small, unassuming temple on a backwater planet, worshipped by a handful of primitive creatures who knew it as their ""Great Mother."" But it was a god nonetheless, and its death sent shockwaves through the cosmos.

At first, no one noticed. The other gods went about their business, unaware that anything was amiss. But as time passed, the absence of their fallen comrade began to be felt. Ripples formed in the fabric of reality, and whispers of ""nevermore"" echoed through the Void.

Curious, the gods assembled to discuss the meaning of these strange occurrences. They met on a desolate rock planet, its barren surface cracked and fissured like a broken mirror. Around a roaring fire, they gathered, their towering forms casting long shadows in the flickering light.

""What does it mean?"" asked one, a goddess of war, her armor gleaming in the firelight.

""A god is dead,"" replied another, a ancient deity of wisdom, his eyes glowing like embers. ""The first time in an eternity.""

There was a hush, and then a stir as the gods began to talk among themselves. They spoke of the implications, of how this changes everything. A god was not just a being; it was a force, a presence that shaped reality itself. Without it, the fabric of existence would alter, maybe even tear.

As they talked, a wind picked up, howling across the rocky plain like a chorus of the damned. The fire crackled and spat, sending sparks into the night air. And in the distance, a lone figure appeared, walking toward the gathering of gods.

It was a mortal, a human, dressed in simple robes and carrying a staff. He looked tiny compared to the towering deities, but his heart was filled with purpose. He approached the fire and bowed deeply, saying, ""I have come to ask questions.""

The gods looked at him, surprised. Mortals rarely dared approach them, and never without groveling. But this one stood tall, meeting their gazes with a curious intensity.

""Ask,"" said the goddess of war, her voice low and husky.

""Why did the god die?"" the human asked.

The ancient deity of wisdom spoke, his voice crackling like thunder. ""We do not know. It simply ceased to be.""

The human frowned. ""But what does it mean? The word 'nevermore' echoes through my mind. What does it signify?""

There was a pause, and then the goddess of war spoke again. ""It means the end of an era. The death of a god signals a change in the cosmos, a shift in the balance of power. We do not know what will come next, but it will not be the same.""

The human digested this information, his mind racing. He knew that the death of a god would have consequences, but he had not imagined that it would herald a new era. He thanked the gods and left, returning to his own world to ponder the implications.

As he walked away, the gods remained, their faces turned toward the stars. They knew that the universe was changing, that a new chapter in the eternal story was unfolding. And they knew that they would have to adapt, to find a way to survive in this brave new world.

For the first time in an eternity, the pantheon of gods felt a sense of uncertainty, a fear of the unknown. But they also felt something else - hope. Hope that this change would bring about a new era of growth, of evolution, of rebirth.

And so, they waited, their eyes fixed on the stars, ready to face whatever came next.",LLM,Llama-2-70B,,writer_profile,,1,11
"The story feels true to real human experiences, particularly in its portrayal of the emotional struggles and conflicts that arise from Marcus's mistake",4,"The story effectively depicts emotional experiences, exploring the nuances of the characters' emotional states, and shows a wide variety of emotions that make sense in the context of the story",4,"The story allows the reader to empathize with the characters and situations, leading to introspection and new insights about relationships and trust",4,"The story engages the reader on an emotional and psychological level, making them want to keep reading to find out how the situation unfolds",4,"The characters have multifaceted personalities, and the story explores the complexities of their relationships and conflicts, delving into the intricacies of their partial resolutions",4,"The story exhibits characteristics of human writing, such as nuanced emotional portrayals, complex relationships, and introspective themes, making it more likely to be written by a human",4,0,You are a renowned literary critic known for your incisive and rigorous analysis.,635.3114047050476,12,13,"Your Significant Other has landed a book publishing deal! You're very proud of them, even if you don't actually enjoy their writing. One day, on a whim, you buy an actual copy in a book store. It's nothing like the pages they gave you to read. Nothing.","Marcus had always been a driven person, but never more so than when it came to his writing. He spent every spare moment working on his novel, pouring his heart and soul into its pages. His significant other, Lily, was his biggest supporter, offering feedback and encouragement whenever he needed it. Together, they dreamed of the day his book would be published and he would become a successful author.

That day finally arrived, and Marcus was over the moon. He couldn't wait to share the news with Lily, but he wanted to do it in a special way. So, he decided to surprise her by buying a copy of his book in a local bookstore and presenting it to her as a gift.

As he walked into the store, Marcus felt a sense of pride and accomplishment wash over him. He couldn't believe how far he had come since he first started writing. Samantha, the owner of the store, greeted him warmly and asked how she could help. Marcus requested a copy of his book, and Samantha's face fell.

""Marcus, I'm not sure if you're aware, but your book...it's not exactly what we expected,"" she said hesitantly.

Marcus's confusion grew as Samantha handed him a copy of his book. As he flipped through its pages, his heart sank. The words were all familiar, but the story was completely different from the one he had shared with Lily. Gone were the romantic subplots and thoughtful character development. In their place was a generic, action-packed thriller that bore little resemblance to the original story.

Marcus couldn't understand what had happened. Had there been some kind of mistake? Did someone hack into his computer and change his manuscript? But as he looked at the cover, he saw that his name was still listed as the author. It was then that he realized the truth - he had unknowingly published a completely different book than the one he had written.

Feeling embarrassed and ashamed, Marcus quickly left the store, hoping to avoid any further awkwardness. He knew he had to tell Lily the truth, but he didn't know where to start. How could he explain that his published book was almost unrecognizable compared to the one he had shared with her?

When he arrived home, Lily met him at the door, excitement radiating from her eyes. ""Marcus, I heard the news! Your book is finally out! Let me see it!""

Marcus hesitated, unsure of how to proceed. He didn't want to ruin the moment, but he couldn't bear to deceive her any longer. ""Lily, there's something I need to tell you,"" he began, his voice trembling. ""The book that was published...it's not exactly what I wrote.""

Lily's expression turned from eager to confused. ""What do you mean? What did you write?""

Marcus took a deep breath and explained the situation, leaving out no details. Lily listened intently, her face a mixture of shock, disappointment, and hurt. When Marcus finished, she spoke, her voice barely above a whisper.

""Why, Marcus? Why would you do this without telling me? We shared everything together. I thought we were partners, both in life and in our writing careers.""

Marcus felt tears prick at the corners of his eyes. He had never seen Lily so upset, and it broke his heart. ""I'm sorry, Lily. I don't know what came over me. I was just so focused on getting published that I didn't think about how my actions would affect you. Can you ever forgive me?""

Lily didn't answer right away. She looked at the floor, her eyes welling up with tears. Marcus waited anxiously, hoping against hope that she would find it in her heart to pardon him.

After what felt like an eternity, Lily spoke again. ""I love you, Marcus. And I know you love me too. But this was a huge mistake, and it hurts that you didn't trust me enough to share your work with me before publishing it.""

Marcus nodded, feeling the weight of his guilt settle upon his shoulders. ""I understand. My apologies for hurting you. I promise to make it right, somehow.""

Lily sniffled and stepped closer to him. ""I know you will. But for now, let's take some time to process this. Maybe we can work on a new project together, something that truly represents both of our voices.""

Marcus smiled weakly, grateful for Lily's generosity and willingness to move forward. They hugged each other tightly, both of them knowing that their relationship was strong enough to survive this setback.

As they pulled back, Marcus looked into Lily's eyes and spoke from his heart. ""You're right. Let's start fresh, together. And no matter what happens, I promise to always prioritize our partnership, both in life and in our writing careers.""

Lily smiled, a glimmer of hope in her eyes. ""I love you, Marcus. And I'm ready to move forward, together.""",LLM,Llama-2-70B,,plan_write,,1,12
"The story exhibits authenticity by portraying the emotional struggles of a vampire who finds solace in gaming, allowing the reader to connect with the character's experiences",4,"The narrative effectively conveys the emotional highs and lows of the protagonist, showcasing a range of emotions from joy to fear, and evoking empathy in the reader",4,The story encourages empathy by allowing the reader to understand the protagonist's emotional struggles and connect with their desire for redemption and self-discovery,4,"The narrative is engaging, with a unique premise and an emotional arc that keeps the reader invested in the protagonist's journey",4,"The story features a complex narrative with multifaceted characters, internal conflicts, and exploration of relationships, making it a compelling read",4,"The writing exhibits a level of emotional depth, introspection, and narrative complexity that is more characteristic of human writing, making it likely that the story was written by a human",4,0,You are a renowned literary critic known for your incisive and rigorous analysis.,622.0105171203613,13,0,A centuries old vampire gets really into video games because playing a character who can walk around in the sun is the closest thing they have to experiencing the day again in centuries.,"As a vampire who can finally walk in the daylight through gaming, my heart soars with an unfamiliar sensation that I thought was lost to me forever. The sun's warmth kisses my virtual skin, and I feel alive again, even if just for a little while. With every step I take in this digital world, I find solace in knowing that there's still a piece of the day I can claim as my own.

In the beginning, it was merely a distraction from the constant hunger that plagued me. But over time, it became something more â a connection to a life I once had, a memory of what it felt like to be human.

My tech-savvy friend, who has witnessed my transformation from a creature of the night to a digital daywalker, is both amazed and perplexed by my newfound obsession. They have seen firsthand the impact that gaming has had on my life, how it has given me a semblance of normalcy in a world where I am an outcast.

One day, while adventuring through a lush forest in one of my favorite games, I stumbled upon an NPC who seemed different from the rest. They were curious, intelligent, and had a knack for understanding my struggles better than most. As we ventured forth together, fighting monsters and solving puzzles, we formed a bond that transcended the virtual realm.

But then something unexpected happened â the NPC became sentient. It started asking questions, pondering its existence, and seeking purpose beyond its predefined role. In that moment, I realized that I was not alone in my quest for meaning. Together, we embarked on a journey to discover the true nature of our existence, delving into the depths of the game's source code and unearthing secrets that would change everything.

As we explored the vast expanse of the virtual world, my blind gaming buddy narrated the wonders we encountered, painting pictures with words that ignited my imagination. Through their descriptions, I began to see the beauty of the world around me â a beauty that extended far beyond the confines of my screen.

With each step closer to understanding our true selves, the sinister figure from my past drew nearer, threatening to shatter the fragile peace I had found. I knew that I couldn't hide forever, that eventually I would have to face my demons and make a choice between the life I had known and the fleeting moments of happiness I found in the digital sun.

And so, as the daywalker vampire in this virtual world, my heart chose to embrace the fire that had once been my enemy, to rise above the darkness that had defined me for so long. In doing so, I discovered that even the undead can find redemption, and that sometimes, the greatest escape is found not in running away, but in facing the truth of who we are.",LLM,Vicuna-33B,,plan_write,,1,13
"The story exhibits a moderate level of authenticity, as it effectively conveys the protagonist's emotional state and psychological processes in a believable manner, but may lack a deeper exploration of human experiences",3,"The story is moderately effective in depicting emotional experiences, exploring nuances of fear, uncertainty, and resilience, but may not fully capture the complexity of human emotions",3,"The story allows the reader to empathize with the protagonist's fear and uncertainty, but may not lead to introspection or new insights about oneself or the world",3,"The story engages the reader on an emotional and psychological level, with a sense of tension and suspense, but may not be entirely captivating throughout",3,"The story features a multifaceted protagonist with internal conflicts, and explores the complexities of the encounter with the unknown entity, but may not delve deeply into relationships or conflicts beyond the central event",3,"The story exhibits some characteristics of human writing, such as vivid descriptions and emotional resonance, but may lack the nuance and complexity often found in human-authored works",3,0,You are a renowned literary critic known for your incisive and rigorous analysis.,702.3016040325165,14,12,"You wake up in the middle of the night, your arm hangs over the side of your bed. Itâs pitch black & your room is shrouded in deep shadow. Something unseen seizes your hand. You grasp it tightly, knowing that first impressions are important & a firm, confident handshake establishes dominance.","The darkness was suffocating, like a heavy blanket that threatened to smother me where I lay. My heart raced, pounding wildly against my ribcage as I fought to calm my breath. A chilling breeze danced across my skin, raising goosebumps in its wake. Yet, somehow, I knew it wasn't the cold that had roused me from my slumber.

My hand felt its way along the edge of the mattress, fingers brushing against the cool, satin sheets. A strange tingling sensation seized my fingertips, as if I were about to touch something foreign, something otherworldly. In that moment, the darkness seemed to crack, revealing the barest hint of a sinister shape.

It came upon me suddenly, like a storm sweeping through a tranquil meadowâa powerful, unseen force clasping my hand in an iron grip. My instincts told me to resist, to pull away and escape the grasp of this eerie presence. But a voice within me whispered otherwise; urging me to hold firm, to maintain control.

I knew then that this encounter would define what was to come. In the realm of shadows, a firm handshake established dominance. My heart hammered in my chest, my pulse thundering in my ears like a drumbeat. I drew strength from my fear, from the uncertainty that shrouded me like a second skin.

A silent struggle unfolded between the entity and myself. Our hands clasped in a fierce embrace, we danced in the void, our wills intertwined in a primal contest of power. The darkness around us seemed to grow more intense, the air thickening with tension as we engaged in this cryptic waltz.

With each passing second, my grasp grew stronger, my resolve harder. My fingers dug into the palm of my opponent, seeking to impose my own dominance, to break the eerie silence that permeated the room. And, gradually, I felt the unseen creature's grip begin to weaken, to falter under the relentless pressure of my own.

In that moment, a spark of recognition flickered within me. The shadows that had threatened to engulf me now receded, banished by the light of understanding. I realized that, despite the terror and the unknown that had gripped me, I had prevailed.

As the creature finally released its hold, I sensed it retreating, withdrawing into the same void from which it had emerged. The darkness once again closed in around me, enveloping me in its cold embrace. Yet, I no longer feared the shadows, for I had faced them head-on and emerged victorious.

Breathing deeply, I lay back down, my hand still throbbing from the intensity of our encounter. I knew that whatever had visited me in the night would remain forever etched in my memory, a testament to the resilience of the human spirit.

And as sleep once more claimed me, I welcomed the dreams that would surely follow, for they were the promise of a new day, a new beginning, and the knowledge that I had faced the darknessâand won.",LLM,Vicuna-33B,,writer_profile,,1,14
"The story's exploration of the protagonist's emotional journey, particularly their introspection and self-doubt, feels authentic and relatable",4,"The narrative effectively conveys a range of emotions, from serenity to terror, and explores the nuances of the protagonist's emotional state",4,"The story encourages empathy by portraying the protagonist's vulnerability and emotional struggles, allowing the reader to connect with their experiences",4,"The narrative's unexpected twists and turns, combined with its exploration of complex emotions, keeps the reader engaged and invested in the story",4,"The story features a multifaceted protagonist and explores the complexities of relationships, internal conflicts, and the intricacies of conflicts and their resolutions",4,"The story's exploration of complex emotions, its use of vivid imagery, and its nuanced character development suggest a human author",4,0,You are a renowned literary critic known for your incisive and rigorous analysis.,560.4099459648132,15,10,"You died and awoke in the afterlife. It's quite nice actually. The people and atmosphere are a lot nicer than you are used to and there is no stress or pressure. When you ask what good deed got you into heaven you are informed that this is hell, followed by a visit from a very concerned demon.","Once upon a time in a distant universe, I found myself standing before a majestic golden gate. The radiant light it emitted was akin to the warmth of a thousand suns. As the gates swung open, a melodious voice called out to me, ""Welcome to paradise!"" In a trice, my weary soul soared through the gates and into the waiting arms of serenity.

My newfound haven was a kaleidoscope of joy, where laughter danced on the air and kindness perfumed the atmosphere. Gone were the worries and strife that once haunted me; replaced by an ethereal calm. The people around me were loving and compassionate, each interaction a balm to my wounded heart. It seemed impossible that this haven could exist. Yet, here I was, relishing in its embrace.

Little did I know, the surprises had only just begun. One day, as I sat beside a crystal blue lake, a cherubic figure alighted beside me. Its innocent face betrayed a glimmer of mischief as it asked, ""So, what good deed landed you in heaven?""

My mind raced, searching for an answer. Hadn't I been a decent person? Surely there must be some act of kindness or bravery that warranted this paradise. Yet, the harder I searched, the more elusive the answer became.

Before I could dwell on it further, the cherub's face morphed into one of concern. Its voice now dripped with honey, ""Oh, dear, it seems we've made a mistake. This isn't heaven at all."" A shiver ran down my spine as the cherub continued, ""You see, you're actually in hell. And I am here to ensure you experience the full extent of its torments.""

A dark mist descended upon us, chilling my very soul. From the shadows emerged a towering demon, its visage a twisted mockery of humanity. My heart fluttered like a trapped bird, desperate to flee the terror that now beset me.

The demon approached, its every step a hammer to my already fragile spirit. ""Do not fret,"" it rasped, ""for I come not to destroy, but to save."" My eyes widened in disbelief. Could it be that even in the depths of hell, redemption still sought me out?

With gentle claws, the demon took my hand, leading me towards a dimly lit cavern. Within its confines, I saw countless others, each encased in a cocoon of darkness. ""These are your fellow souls,"" the demon whispered, ""trapped in their own private hells.""

It revealed its plan: to unite us in a shared purpose, to shatter the chains of our individual suffering, and to forge a new path â together. Through the demon's guidance, we would learn to confront our tormentors, to heal our wounds, and to find solace in each other's company.

In that moment, I realized that even in hell, hope could bloom. Though the road ahead was uncertain, and the trials we faced were daunting, we were no longer alone. Together, we could traverse the abyss and perhaps, somehow, find our way back to the light.

As the demon left me to join the others, I understood that the true nature of hell was not the suffering we endured, but the isolation that kept us from finding our way back to one another. And so, with a newfound sense of purpose, I embarked on a journey to traverse the darkest corners of hell, forging bonds with those who walked beside me, and seeking the salvation that lay just beyond the reach of our grasp.",LLM,Vicuna-33B,,writer_profile,,1,15
"The story's portrayal of the democratic process and the manipulation of the downvote system feels true to real human experiences, representing psychological processes in a believable manner",4,"The story effectively depicts emotional experiences, exploring the nuances of the characters' emotional states, and showing a wide variety of emotions that make sense in the context of the story",4,"The story allows the reader to empathize with the characters and situations, leading to introspection and new insights about the world",4,"The story engages the reader on an emotional and psychological level, making them want to keep reading",4,"The characters have multifaceted personalities, and the story explores the complexities of relationships between characters and the intricacies of conflicts and their resolutions",4,"The story's writing style, structure, and themes suggest a human author, with a nuanced exploration of psychological processes and emotional experiences",4,0,You are a renowned literary critic known for your incisive and rigorous analysis.,588.2295458316803,16,8,"You are allowed to 'downvote' a government candidate instead of voting normally, reducing their votes by one. Turns out people have little love for politicians, and the majority end with negative votes. In these democracies, anonymity is the key to winning.","In the small democracy of Elyria, citizens had grown disillusioned with the political process. Corruption and ineptitude had become the norm, and the people longed for a change. It was in this climate of discontent that the idea of downvoting was born. The system was simple: instead of casting a ballot, citizens could ""downvote"" a candidate by pressing a button next to their name on the ballot. Each downvote would subtract one vote from the candidate's total. The theory was that this would create a more transparent and accountable government, as elected officials would be held to a higher standard of performance.

At first, the downvote system seemed to work as intended. Candidates were more responsive to the needs of their constituents, and corruption was slowly but surely rooted out. However, as time passed, the system began to break down. Political parties became more powerful, and soon they were using the downvote system to bully and intimidate their opponents. Candidates began to focus more on courting the favor of the most influential voters, rather than addressing the needs of the general population. The people of Elyria found themselves caught in a web of deceit and manipulation, with no clear path to true representation.

One such candidate was Jameson Smith, a young and charismatic figure who had risen to prominence on a platform of change and reform. He was handsome, articulate, and possessed a natural charm that made him a compelling figure on the campaign trail. However, beneath his polished exterior lay a ruthless ambition that would stop at nothing to achieve success. Smith was determined to win the election at any cost, and he knew that the key to victory lay in the downvote system.

As the campaign season progressed, Smith became more and more brazen in his use of the downvote. He would attend town hall meetings and public forums, armed with a team of skilled social media influencers who would carefully monitor the audience's reactions and instantly post negative comments about his opponents. The goal was to paint his opponents as weak or ineffective, thereby encouraging the voters to downvote them. The tactic worked like a charm, and soon Smith was racking up an impressive number of downvotes.

However, as the election drew near, something strange began to happen. People started to notice that Smith was consistently receiving an unusually high number of downvotes. It seemed that every time he spoke, scores of voters were quick to press the downvote button. At first, his supporters dismissed the phenomenon as the work of disgruntled opponents, but soon it became clear that something more sinister was at play.

It turned out that a group of rogue programmers had secretly developed an algorithm that could manipulate the downvote system. They had created a sophisticated AI program that could analyze the voting patterns of Elyria's citizens and identify those who were most likely to be influenced by negative commentary. These individuals were then bombarded with targeted ads and propaganda, all designed to discredit Smith's opponents and boost his own chances of winning. The algorithm was so effective that it could accurately predict which voters were most susceptible to manipulation, and it could do so with eerie precision.

As the truth about the algorithm began to surface, the people of Elyria were shocked and outraged. They had never intended for their democratic system to be used in such a way. But it was too late. Smith had already secured the majority of the downvotes, and he was well on his way to becoming the next leader of Elyria.

The election results were a farce, with Smith winning by a landslide despite the widespread manipulation of the downvote system. The citizens of Elyria were left feeling powerless and betrayed, their trust in the democratic process irreparably damaged. The downvote system that had once been hailed as a beacon of transparency and accountability had become a tool for tyranny and oppression. And in the midst of it all, Jameson Smith sat in his office, grinning triumphantly as he accepted the congratulations of his supporters.",LLM,Llama-2-13B,,writer_profile,,1,16
"The story demonstrates authenticity by portraying a parent's genuine concerns and emotions when their child is tasked with a significant responsibility, which is relatable to real-life experiences",4,"The story effectively depicts a range of emotions, including anger, fear, and relief, and explores the nuances of the parent's emotional state in a believable manner",4,"The story allows the reader to empathize with the parent's concerns and emotions, making it easy to imagine oneself in their shoes",4,"The story engages the reader on an emotional level, making them invested in the parent's conversation with the Moon Goddess and the fate of the daughter",4,"The story has multifaceted characters, including the parent and the Moon Goddess, and explores the complexities of their relationships and conflicts",4,"The story's writing style, tone, and character development suggest a human author, as it exhibits a nuanced understanding of human emotions and relationships",4,0,You are a renowned literary critic known for your incisive and rigorous analysis.,619.0005543231964,17,11,You just discovered your 14 year old daughters Moon Princess locket that allows her to transform into one of the worlds greatest heroes. It also is a communications device and you are about to give the Moon Goddess a piece of your mind for letting 14 year old's defend the world against evil.,"As you stand in your living room, staring at the locket in disbelief, you can't help but think about all the ways this could go wrong. Your daughter is still just a teenager, after all. She's barely old enough to babysit, let alone save the world from evil. And yet, here she is, tasked with the weight of the world's safety on her shoulders.

You can't help but feel a sense of anger and betrayal towards the Moon Goddess. How could she entrust such a heavy responsibility to a child? Doesn't she know that children are vulnerable and impressionable? What if your daughter gets hurt? What if she can't handle the pressure?

You take a deep breath and try to calm down. You know that yelling at the Moon Goddess won't solve anything. Instead, you decide to have a conversation with her, to try and understand why she chose your daughter for this task.

You close your eyes and focus your thoughts. You can feel the power of the locket coursing through your veins, and you use it to call upon the Moon Goddess.

""Hello, mortal,"" she says, her voice like a gentle breeze in your mind. ""I have been expecting you.""

""Why did you choose my daughter for this task?"" you ask, trying to keep your voice steady. ""She's just a child. She's not ready for this kind of responsibility.""

""I chose your daughter because she has the heart of a warrior,"" the Moon Goddess replies. ""She is brave, kind, and strong. She has the potential to be one of the greatest heroes the world has ever known.""

""But what about the risks?"" you press on. ""She could get hurt, or worse. Is that really fair to her?""

""I understand your concerns, mortal,"" the Moon Goddess says. ""But the risks are necessary. The world needs heroes like your daughter to protect it from the forces of darkness. And I will be there to guide and support her every step of the way.""

You sigh, feeling a mix of frustration and relief. You know that the Moon Goddess has a plan, and that your daughter is in good hands. But it's still hard to accept that your baby girl is now a superhero.

""I just want her to be safe,"" you say, your voice cracking with emotion.

""I understand, mortal,"" the Moon Goddess says again. ""And I promise you, I will do everything in my power to keep her safe. But I also need you to trust me. Trust that I have chosen your daughter for a reason, and that she will rise to the challenge.""

You nod, feeling a sense of peace wash over you. You know that you have to trust the Moon Goddess, and that your daughter is in good hands. And even though it's hard to let go of your fears, you know that you have to support your daughter on this journey.

""Thank you, Moon Goddess,"" you say, bowing your head in respect. ""I will trust you, and I will support my daughter every step of the way.""

The Moon Goddess nods in approval. ""I knew you would understand, mortal. Together, we can make sure that your daughter becomes the hero the world needs.""",LLM,Llama-2-70B,,writer_profile,,1,17
"The story demonstrates authenticity by portraying the bees' struggles and concerns in a relatable and realistic manner, making their experiences feel true to real-life challenges",4,"The story effectively depicts emotional experiences, such as Buzzworthy's unease, Buzzleta's mischievousness, and Dronator's curiosity, and explores the nuances of their emotional states",4,"The story allows readers to empathize with the bees' struggles and concerns, making it easy to imagine oneself in their situation and understand their perspectives",4,"The story engages readers on an emotional and psychological level, making them invested in the bees' struggles and wanting to know how they will overcome their challenges",4,"The story features multifaceted characters, such as Buzzworthy, Buzzleta, and Dronator, who exhibit internal conflicts and complexities in their relationships, adding depth to the narrative",4,"The story's writing style, character development, and narrative structure suggest a human author, as it exhibits a level of emotional intelligence, empathy, and narrative complexity that is more typical of human writing",4,0,You are a renowned literary critic known for your incisive and rigorous analysis.,723.8797688484192,18,7,You are a beekeeper. You have a special relationship with your bees. You are able to communicate with them and theyâre intelligent enough to see you removing honey as ârentâ. This year things are different. The new queens are politely requesting that you invest some money to improve the hives.,"As the sun set over the grove of trees, casting a warm orange glow over the hive, Buzzworthy, the wise old queen bee, buzzed nervously inside her cell. The colony had been struggling to find enough food and shelter, and the other bees were growing increasingly restless. Despite her efforts to keep them calm and focused on their daily tasks, she couldn't shake off the feeling of unease that had been plaguing her since the newer queens started requesting investment.
""Rent,"" Buzzworthy muttered under her breath, her antennae twitching with disbelief. ""They actually think we can afford to invest in the hive's future.""
Buzzleta, the spirited new queen, buzzed over to her elder, a mischievous glint in her eye. ""What's got ye so flustered, Buzzworthy? Don't tell me ye're worried about the colony's future?""
Buzzworthy sighed heavily, feeling the weight of her years upon her. ""I fear for our survival, dearie. Winter's coming, and we haven't prepared enough stores. The young ones need to understand the sacrifices we made to get here.""
Buzzleta nodded thoughtfully, taking in the older bee's words. ""But what if we don't just rely on the past to carry us through? We have a chance to make things better, to build a stronger, more resilient hive.""
Dronator, the oldest drone, flew in, his eyes gleaming with curiosity. ""What's all the commotion about? Is there something new we can help with?""
Buzzworthy turned to him, a hint of sadness in her voice. ""The newer queens are asking for investment to improve the hive, but I fear we can't afford it. We barely have enough for our basic needs.""
Dronator thought for a moment before buzzing away. ""Mayhap there's a way for us to help without spending too much. We could gather nectar and pollen from the surrounding fields, bring it back to the hive, and use it to feed the colony.""
Buzzworthy's eyes lit up with gratitude. ""Ah, bless ya, Dronator! That's exactly what we need. Together, we can make sure the colony survives these harsh times.""
As the bees worked tirelessly to gather resources, their minds raced with the possibilities of what they could do to secure their future. From creating new methods of insulation to building larger storage spaces, each bee brought their unique perspective to the table, determined to make a difference. And as the night wore on, the hive hummed with renewed energy and purpose, the bees working together towards a brighter tomorrow.
Despite their challenges, the colony found strength in unity, the older bees imparting their wisdom and experience to the younger generations. As Buzzworthy watched the busy throng of activity below, a sense of peace settled over her, knowing that the hive would endure through thick and thin, guided by their unwavering dedication and commitment to one another.
And so, the bees continued to thrive, a testament to the power of collaboration and perseverance in the face of adversity, their bond as strong as ever. For though challenges came and went, the true wealth of the hive lay in its people â or rather, its bees â each one vital to the colony's very existence.",LLM,Llama-2-7B,,plan_write,,1,18
"The story exhibits authenticity by portraying a realistic and relatable scenario of a husband discovering a new side of his wife through her writing, showcasing the complexities of their relationship and the nuances of human emotions",4,"The narrative effectively explores a range of emotions, from pride and admiration to regret and humility, and masterfully conveys the emotional depth of the characters, making the reader empathize with their experiences",5,"The story fosters empathy by allowing the reader to connect with the husband's emotional journey, making them reflect on their own relationships and the importance of understanding and appreciating their partner's unique qualities",5,"The narrative is engaging, with a clear structure and a captivating storyline that keeps the reader invested in the characters and their emotional development",5,"The story showcases narrative complexity by presenting multifaceted characters, exploring the intricacies of their relationship, and delving into the complexities of human emotions and personal growth",5,"The writing style, vocabulary, and narrative structure suggest a human author, as they convey a sense of emotional depth, introspection, and personal connection that is often difficult for LLMs to replicate",5,0,You are a renowned literary critic known for your incisive and rigorous analysis.,763.8266942501068,19,13,"Your Significant Other has landed a book publishing deal! You're very proud of them, even if you don't actually enjoy their writing. One day, on a whim, you buy an actual copy in a book store. It's nothing like the pages they gave you to read. Nothing.","In the early light of dawn, I watched my wife, Jennifer, as she scribbled away at her antique wooden desk, lost to the flow of her thoughts. She was penning her debut novel, a dream that was only becoming a reality now, in the autumn of our lives. My heart ached with pride for her.

It wasn't that I didnât enjoy her writing. Maybe it was more accurate to say, I wasn't sure I understood it. Jennifer wrote in a style that was a complex tapestry of intellectualism and fantasy, a world away from the emotionally-rich stories I crafted. The metaphors she employed were labyrinthine, her syntax unusual, her tales imbued with a depth only she was privy to. My literacy was of the soul, hers of the intellect.

One autumn wind-swept day, I spotted Jennifer's novel, 'Incantations of the Cosmic Mind', proudly displayed in the window of our local bookshop. On impulse, I stepped inside and, feeling the weight of it in my hands, made the purchase. The familiar gnaw of not understanding loomed over me, yet the pride for her triumph overrode it. 

Back home, I nestled into my reading chair, her novel in my hands, its untouched pages whispering stories of uncharted territories. As I began to journey through her words, expectation soaked my senses. But the prose I read now, was a far cry from the cryptic passages she had shared throughout her process. Her characters leap off the pages, vivid as life, ensnared in not simply cerebral, but heartrending stories. Gone were the tangled metaphors, the elusive, cryptic language she previously embraced. This was a tale evident of soul as well as mind.

With each turning page, I was tossed within waves of sheer humanism, drowning in the depths of her understanding of the human condition. Her narrative was sensuous, the empathy palpable. Each phrase caught my breath, their meanings spiraling into my chest, echoing in my blood.

Tears welled up, not out of the sorrow her characters dwelt in, but sprouting from the realization that even within our intimate existence, there remained facets of Jennifer I was blind to. I fell in love with her anew, astounded by the profundity of the emotional landscape her words painted. I, who prided myself on extrapolating human emotions, was bowled over by her understanding.

Closing the book, I was breathless, torn between the ecstatic joy of discovering another side of my wife and the regret of underestimating her literary aptitude, blinded by the unfamiliarity of her expression. 

As dusk settled in, I found Jennifer ensconced in her writing corner, a half-written lyric hanging in the air. Words failed me as I approached her, the heavy epiphany sinking into my heart. She looked up, quirking an inquisitive brow. All I could manage was a humbled, ""You're incredible.""

Her gaze softened before she wiped her ink-stained fingers on her apron and took me by the hand, leading me towards our future, where perhaps, both of our literary worlds would merge.""

That evening, under the canopy of the starlit sky, I found home in the boundless pages of her mind, and her published word became a bridge linking our diverged worlds.",LLM,GPT-4,,writer_profile,,1,19
"The story exhibits authenticity by portraying the emotional struggles of a centuries-old vampire, Marcus, who finds a new sense of purpose through video games",4,"The story effectively depicts emotional experiences, exploring the nuances of Marcus' emotional states, and shows a range of emotions, from excitement to bitterness and hope",4,"The story allows the reader to empathize with Marcus' struggles and introspection, leading to new insights about the character and the world he inhabits",4,"The story engages the reader on an emotional and psychological level, making them invested in Marcus' journey and wanting to continue reading",4,"The story features a multifaceted character in Marcus, with internal conflicts and complexities in his relationships with other players in the game",4,"The story exhibits human-like writing characteristics, such as nuanced emotional exploration, introspection, and character development, making it more likely to be written by a human",4,0,You are a renowned literary critic known for your incisive and rigorous analysis.,614.1040229797363,20,0,A centuries old vampire gets really into video games because playing a character who can walk around in the sun is the closest thing they have to experiencing the day again in centuries.,"The night had fallen, casting its dark veil over the city. In the shadows of an ancient castle, a creature stirred. He was known by many names - some feared him, while others whispered his existence in hushed tones. This was the centuries-old vampire, Marcus. His existence had been a secret for so long that even he had forgotten what it was like to live in the light of day. The last time he had set foot outside at midday, the sun had been just a distant memory, a legend passed down through the ages. But now, something had caught his attention, a new obsession that filled the emptiness of his eternal life.

Marcus had discovered video games.

At first, it was just a passing fancy, a novelty to keep him entertained between midnight and dawn. But as he sank deeper into the digital worlds, he found something more. In these virtual realms, he could be anyone, do anything. For the first time in centuries, he felt alive.

He began with simple puzzle games, then progressed to more complex adventures. But it wasn't until he stumbled upon an open-world RPG that he truly found his calling. Here, he could roam free, exploring vast cities and expansive wildernesses under the warm glow of a virtual sun. It was the closest thing he had to experiencing the day again, and he devoured every moment of it.

As he delved deeper into the game, Marcus found himself becoming more invested in his character. He crafted a tale of a brave warrior, one who fought against the forces of darkness and protected the innocent. He lost himself in this digital world, relishing every victory and mourning every loss. For the first time in centuries, he felt a sense of purpose, a reason to keep going.

But, as with all things in life, this newfound passion came with its own set of challenges. The other players in the game were not always kind to the elderly vampire. They teased him for his age, his weaknesses, and his slow reflexes. They called him ""grandpa"" and ""old man,"" belittling his accomplishments and dismissing his struggles. Marcus tried to ignore them, to focus on the game and nothing else. But their words stung, and he found himself growing bitter and resentful.

One night, as he sat in front of his console, the taunts of the other players echoing in his mind, Marcus realized something. He didn't need this game to feel alive; he didn't need the validation of strangers to give his existence meaning. He was already a creature of legend, a monster of the night with power and strength beyond measure. What he needed was to embrace his true self, to accept who he was and find happiness in it.

With this newfound understanding, Marcus closed his console and stepped away from the game. He would no longer allow the opinions of others to dictate his worth. Instead, he would take control of his own destiny, forging his path in the darkness and finding his own version of happiness.

For the first time in centuries, Marcus felt a sense of hope, a glimmer of light in the endless night. Maybe, just maybe, there was more to life than simply existing. Perhaps there was a chance for him to truly live, to experience the world in all its beauty and ugliness, to find his place in it.

The night still held its secrets, but Marcus was ready to face whatever lay ahead, armed with his newfound confidence and the memories of his time in the digital world. The sun might never rise on his existence again, but he knew that he could find joy in the shadows.",LLM,Llama-2-13B,,writer_profile,,1,20
